image_index;index;phi1;Phi;phi2;slip_sys_no;slip_name;devang;point1_x;point1_y;point2_y;point2_y
1.1_1;1;68.2279748546365;149.964433693178;42.9648617478269;2;100;2.70072418353212;83.5;343.5;125.5;357.5
1.1_1;1;68.2279748546365;149.964433693178;42.9648617478269;4;112;3.7397308522053;83.5;343.5;125.5;357.5
1.1_1;1;68.2279748546365;149.964433693178;42.9648617478269;5;115;3.57345201813762;83.5;343.5;125.5;357.5
1.1_1;2;68.2279748546365;149.964433693178;42.9648617478269;4;112;1.86084087999066;126.5;363.5;156.5;406.5
1.1_1;3;68.2279748546365;149.964433693178;42.9648617478269;3;110;4.0227474682911;173.5;471.5;155.5;598.5
1.1_1;3;68.2279748546365;149.964433693178;42.9648617478269;4;112;0.937686912106777;173.5;471.5;155.5;598.5
1.1_1;3;68.2279748546365;149.964433693178;42.9648617478269;5;115;0.0472685454113138;173.5;471.5;155.5;598.5
1.1_1;4;68.2279748546365;149.964433693178;42.9648617478269;3;110;1.0554701948341;221.5;498.5;182.5;698.5
1.1_1;4;68.2279748546365;149.964433693178;42.9648617478269;4;112;2.02959036135078;221.5;498.5;182.5;698.5
1.1_1;4;68.2279748546365;149.964433693178;42.9648617478269;5;115;2.9200087280389;221.5;498.5;182.5;698.5
1.1_1;5;68.2279748546365;149.964433693178;42.9648617478269;4;112;4.15152225490721;296.5;550.5;278.5;762.5
1.1_1;5;68.2279748546365;149.964433693178;42.9648617478269;5;115;3.26110388821881;296.5;550.5;278.5;762.5
1.1_1;6;68.2279748546365;149.964433693178;42.9648617478269;4;112;1.61222729590547;282.5;764.5;424.5;797.5
1.1_1;6;68.2279748546365;149.964433693178;42.9648617478269;5;115;1.77850612997304;282.5;764.5;424.5;797.5
1.1_1;7;68.2279748546365;149.964433693178;42.9648617478269;4;112;2.9942724693171;426.5;795.5;476.5;799.5
1.1_1;7;68.2279748546365;149.964433693178;42.9648617478269;5;115;0.298811059979939;426.5;795.5;476.5;799.5
1.1_1;8;68.2279748546365;149.964433693178;42.9648617478269;1;111;1.53568581679872;485.5;807.5;527.5;774.5
1.1_1;9;68.2279748546365;149.964433693178;42.9648617478269;1;111;4.58186329677292;501.5;826.5;541.5;787.5
1.1_1;9;68.2279748546365;149.964433693178;42.9648617478269;4;112;3.51570036055793;501.5;826.5;541.5;787.5
1.1_1;9;68.2279748546365;149.964433693178;42.9648617478269;5;115;0.202450911997654;501.5;826.5;541.5;787.5
1.1_1;10;68.2279748546365;149.964433693178;42.9648617478269;3;110;0.901167626403892;745.5;730.5;847.5;709.5
1.1_1;11;68.2279748546365;149.964433693178;42.9648617478269;3;110;1.79634133661488;749.5;666.5;848.5;644.5
1.1_1;11;68.2279748546365;149.964433693178;42.9648617478269;4;112;4.42868698211644;749.5;666.5;848.5;644.5
1.1_1;12;68.2279748546365;149.964433693178;42.9648617478269;3;110;2.69856249814503;757.5;786.5;824.5;770.5
1.1_1;12;68.2279748546365;149.964433693178;42.9648617478269;4;112;3.52646582058626;757.5;786.5;824.5;770.5
1.1_1;13;68.2279748546365;149.964433693178;42.9648617478269;3;110;4.15602640128264;819.5;442.5;903.5;516.5
1.1_1;13;68.2279748546365;149.964433693178;42.9648617478269;4;112;1.89178457194682;819.5;442.5;903.5;516.5
1.1_1;13;68.2279748546365;149.964433693178;42.9648617478269;5;115;2.184250445058;819.5;442.5;903.5;516.5
1.1_1;14;68.2279748546365;149.964433693178;42.9648617478269;2;100;1.2698675367657;870.5;594.5;841.5;643.5
1.1_1;14;68.2279748546365;149.964433693178;42.9648617478269;4;112;3.48973959085044;870.5;594.5;841.5;643.5
1.1_1;14;68.2279748546365;149.964433693178;42.9648617478269;5;115;4.62352297888082;870.5;594.5;841.5;643.5
1.1_1;15;68.2279748546365;149.964433693178;42.9648617478269;2;100;2.65664533593995;884.5;643.5;844.5;707.5
1.1_1;15;68.2279748546365;149.964433693178;42.9648617478269;4;112;2.10296179167635;884.5;643.5;844.5;707.5
1.1_1;15;68.2279748546365;149.964433693178;42.9648617478269;5;115;3.23674517970671;884.5;643.5;844.5;707.5
1.1_1;16;68.2279748546365;149.964433693178;42.9648617478269;5;115;3.34176964345478;811.140502354788;775.93956043956;832.936420722135;712.2284144427
1.1_1;17;68.2279748546365;149.964433693178;42.9648617478269;2;100;2.41074221266919;849.702511773941;187.449764521193;893.294348508634;117.03218210361
1.1_1;17;68.2279748546365;149.964433693178;42.9648617478269;4;112;2.34886491494708;849.702511773941;187.449764521193;893.294348508634;117.03218210361
1.1_1;17;68.2279748546365;149.964433693178;42.9648617478269;5;115;3.48264830297752;849.702511773941;187.449764521193;893.294348508634;117.03218210361
1.2_2;1;68.2279748546365;149.964433693178;42.9648617478269;4;112;0.75914354960396;290.5;574.5;357.5;582.5
1.2_2;1;68.2279748546365;149.964433693178;42.9648617478269;5;115;1.93631785973306;290.5;574.5;357.5;582.5
1.2_2;2;68.2279748546365;149.964433693178;42.9648617478269;2;100;3.61010463273141;361.5;652.5;399.5;664.5
1.2_2;2;68.2279748546365;149.964433693178;42.9648617478269;4;112;2.83035040300621;361.5;652.5;399.5;664.5
1.2_2;2;68.2279748546365;149.964433693178;42.9648617478269;5;115;2.66407156893845;361.5;652.5;399.5;664.5
1.2_2;3;68.2279748546365;149.964433693178;42.9648617478269;3;110;3.37880575040444;402.5;664.5;409.5;670.5
1.2_2;3;68.2279748546365;149.964433693178;42.9648617478269;4;112;2.66900522282514;402.5;664.5;409.5;670.5
1.2_2;3;68.2279748546365;149.964433693178;42.9648617478269;5;115;1.40702979417968;402.5;664.5;409.5;670.5
1.2_2;4;68.2279748546365;149.964433693178;42.9648617478269;3;110;0.31035343894854;413.5;726.5;431.5;716.5
1.2_2;5;68.2279748546365;149.964433693178;42.9648617478269;1;111;1.18983351130686;481.5;694.5;541.5;692.5
1.2_2;6;68.2279748546365;149.964433693178;42.9648617478269;3;110;4.36774363142617;521.5;778.5;546.5;771.5
1.2_2;6;68.2279748546365;149.964433693178;42.9648617478269;4;112;1.31524823405947;521.5;778.5;546.5;771.5
1.2_2;7;68.2279748546365;149.964433693178;42.9648617478269;3;110;0.137814269391781;847.5;705.5;930.5;675.5
1.2_2;7;68.2279748546365;149.964433693178;42.9648617478269;4;112;2.91468112797605;847.5;705.5;930.5;675.5
1.2_2;8;68.2279748546365;149.964433693178;42.9648617478269;3;110;0.736794518394944;902.5;397.5;1043.5;507.5
1.2_2;8;68.2279748546365;149.964433693178;42.9648617478269;5;115;1.23498143782868;902.5;397.5;1043.5;507.5
1.2_2;9;68.2279748546365;149.964433693178;42.9648617478269;2;100;2.54205392970226;963.5;625.5;935.5;670.5
1.2_2;9;68.2279748546365;149.964433693178;42.9648617478269;4;112;2.21755319791419;963.5;625.5;935.5;670.5
1.2_2;9;68.2279748546365;149.964433693178;42.9648617478269;5;115;3.35133658594455;963.5;625.5;935.5;670.5
1.2_2;10;68.2279748546365;149.964433693178;42.9648617478269;2;100;4.34132965383659;1044.5;513.5;970.5;624.5
1.2_2;10;68.2279748546365;149.964433693178;42.9648617478269;4;112;0.418277473780613;1044.5;513.5;970.5;624.5
1.2_2;10;68.2279748546365;149.964433693178;42.9648617478269;5;115;1.55206086181047;1044.5;513.5;970.5;624.5
1.2_2;11;68.2279748546365;149.964433693178;42.9648617478269;4;112;4.24634380184452;358.456043956044;564.686813186813;356.779434850863;648.51726844584
1.2_2;12;68.2279748546365;149.964433693178;42.9648617478269;4;112;3.42262914943862;433.903453689168;631.751177394034;475.818681318681;695.462323390895
1.2_2;13;68.2279748546365;149.964433693178;42.9648617478269;4;112;3.10058096366942;397.018053375196;660.253532182103;397.018053375196;732.347723704866
1.2_2;14;68.2279748546365;149.964433693178;42.9648617478269;3;110;4.54193415123667;428.873626373626;718.934850863422;517.733908948195;775.93956043956
1.2_2;14;68.2279748546365;149.964433693178;42.9648617478269;5;115;3.40032815570558;428.873626373626;718.934850863422;517.733908948195;775.93956043956
1.2_2;15;68.2279748546365;149.964433693178;42.9648617478269;3;110;0.182867736807685;551.266091051806;765.879905808477;579.768445839875;787.675824175824
1.2_2;15;68.2279748546365;149.964433693178;42.9648617478269;5;115;1.32447373233968;551.266091051806;765.879905808477;579.768445839875;787.675824175824
1.3_3;1;68.2279748546365;149.964433693178;42.9648617478269;4;112;3.89678278588684;323.5;483.5;307.5;662.5
1.3_3;1;68.2279748546365;149.964433693178;42.9648617478269;5;115;3.00636441919843;323.5;483.5;307.5;662.5
1.3_3;2;68.2279748546365;149.964433693178;42.9648617478269;1;111;2.1455501894564;750.5;816.5;795.5;926.5
1.3_3;2;68.2279748546365;149.964433693178;42.9648617478269;2;100;0.476998511848657;750.5;816.5;795.5;926.5
1.3_3;2;68.2279748546365;149.964433693178;42.9648617478269;3;110;2.82748638193696;750.5;816.5;795.5;926.5
1.3_3;2;68.2279748546365;149.964433693178;42.9648617478269;4;112;1.77027161706061;750.5;816.5;795.5;926.5
1.3_3;2;68.2279748546365;149.964433693178;42.9648617478269;5;115;1.24918588760434;750.5;816.5;795.5;926.5
1.3_3;3;68.2279748546365;149.964433693178;42.9648617478269;5;115;3.39520102520945;793.5;444.5;866.5;490.5
1.3_3;4;68.2279748546365;149.964433693178;42.9648617478269;3;110;0.0581030863862374;801.5;527.5;854.5;498.5
1.3_3;5;68.2279748546365;149.964433693178;42.9648617478269;3;110;0.0268835667409806;831.5;602.5;897.5;578.5
1.3_3;5;68.2279748546365;149.964433693178;42.9648617478269;4;112;3.01772317549786;831.5;602.5;897.5;578.5
1.3_3;6;68.2279748546365;149.964433693178;42.9648617478269;3;110;2.23046869604137;834.5;390.5;884.5;425.5
1.3_3;6;68.2279748546365;149.964433693178;42.9648617478269;5;115;1.08886270050995;834.5;390.5;884.5;425.5
1.3_3;7;68.2279748546365;149.964433693178;42.9648617478269;4;112;2.80455203849171;842.5;633.5;890.5;637.5
1.3_3;7;68.2279748546365;149.964433693178;42.9648617478269;5;115;0.10909062915491;842.5;633.5;890.5;637.5
1.3_3;8;68.2279748546365;149.964433693178;42.9648617478269;2;100;4.33184439404318;881.5;434.5;860.5;479.5
1.3_3;8;68.2279748546365;149.964433693178;42.9648617478269;5;115;2.78903646493567;881.5;434.5;860.5;479.5
1.3_3;9;68.2279748546365;149.964433693178;42.9648617478269;4;112;1.08595441799487;869.5;496.5;914.5;540.5
1.3_3;10;68.2279748546365;149.964433693178;42.9648617478269;4;112;0.310109238243379;873.5;319.5;1062.5;495.5
1.3_3;10;68.2279748546365;149.964433693178;42.9648617478269;5;115;3.76592577876078;873.5;319.5;1062.5;495.5
1.3_3;11;68.2279748546365;149.964433693178;42.9648617478269;3;110;2.3767418256175;901.5;627.5;974.5;610.5
1.3_3;11;68.2279748546365;149.964433693178;42.9648617478269;4;112;3.84828649311351;901.5;627.5;974.5;610.5
1.3_3;12;68.2279748546365;149.964433693178;42.9648617478269;4;112;0.890332134760928;973.5;525.5;979.5;611.5
1.3_3;13;68.2279748546365;149.964433693178;42.9648617478269;3;110;3.77763942747867;978.5;528.5;1057.5;505.5
1.3_3;13;68.2279748546365;149.964433693178;42.9648617478269;4;112;0.725144030111882;978.5;528.5;1057.5;505.5
1.3_3;14;68.2279748546365;149.964433693178;42.9648617478269;4;112;1.66751970888953;908.383830455259;200.862637362637;951.975667189953;262.897174254317
1.4_4;1;68.2279748546365;149.964433693178;42.9648617478269;3;110;0.60298634703311;311.5;629.5;286.5;740.5
1.4_4;1;68.2279748546365;149.964433693178;42.9648617478269;4;112;3.68804690321834;311.5;629.5;286.5;740.5
1.4_4;1;68.2279748546365;149.964433693178;42.9648617478269;5;115;1.62681653580226;311.5;629.5;286.5;740.5
1.4_4;2;68.2279748546365;149.964433693178;42.9648617478269;5;115;4.24873910535949;317.5;511.5;312.5;585.5
1.4_4;3;68.2279748546365;149.964433693178;42.9648617478269;4;112;0.779219154778981;364.5;649.5;448.5;659.5
1.4_4;3;68.2279748546365;149.964433693178;42.9648617478269;5;115;1.9162422545587;364.5;649.5;448.5;659.5
1.4_4;4;68.2279748546365;149.964433693178;42.9648617478269;3;110;4.09220572628038;396.5;524.5;379.5;645.5
1.4_4;4;68.2279748546365;149.964433693178;42.9648617478269;4;112;1.00714517009625;396.5;524.5;379.5;645.5
1.4_4;4;68.2279748546365;149.964433693178;42.9648617478269;5;115;0.116726803405445;396.5;524.5;379.5;645.5
1.4_4;5;68.2279748546365;149.964433693178;42.9648617478269;3;110;0.201021158455778;449.5;667.5;441.5;705.5
1.4_4;5;68.2279748546365;149.964433693178;42.9648617478269;4;112;2.88403939772852;449.5;667.5;441.5;705.5
1.4_4;5;68.2279748546365;149.964433693178;42.9648617478269;5;115;2.43082404129225;449.5;667.5;441.5;705.5
1.4_4;6;68.2279748546365;149.964433693178;42.9648617478269;4;112;0.923618253634213;485.5;734.5;587.5;759.5
1.4_4;6;68.2279748546365;149.964433693178;42.9648617478269;5;115;1.0898970877021;485.5;734.5;587.5;759.5
1.4_4;7;68.2279748546365;149.964433693178;42.9648617478269;3;110;1.94656426984215;828.5;574.5;819.5;610.5
1.4_4;7;68.2279748546365;149.964433693178;42.9648617478269;5;115;0.28323861299401;828.5;574.5;819.5;610.5
1.4_4;8;68.2279748546365;149.964433693178;42.9648617478269;4;112;4.65708054079758;793.5;629.5;825.5;680.5
1.4_4;9;68.2279748546365;149.964433693178;42.9648617478269;3;110;3.75792861756236;810.5;377.5;909.5;463.5
1.4_4;9;68.2279748546365;149.964433693178;42.9648617478269;4;112;2.28988235566705;810.5;377.5;909.5;463.5
1.4_4;9;68.2279748546365;149.964433693178;42.9648617478269;5;115;1.78615266133755;810.5;377.5;909.5;463.5
1.4_4;10;68.2279748546365;149.964433693178;42.9648617478269;2;100;2.33762981571319;900.5;492.5;850.5;573.5
1.4_4;10;68.2279748546365;149.964433693178;42.9648617478269;4;112;2.42197731190304;900.5;492.5;850.5;573.5
1.4_4;10;68.2279748546365;149.964433693178;42.9648617478269;5;115;3.55576069993351;900.5;492.5;850.5;573.5
1.4_4;12;68.2279748546365;149.964433693178;42.9648617478269;2;100;2.11359117284062;974.5;553.5;939.5;621.5
1.4_4;13;68.2279748546365;149.964433693178;42.9648617478269;1;111;2.00699207221673;784.3147566719;608.278649921507;819.523547880691;606.602040816326
1.4_4;15;68.2279748546365;149.964433693178;42.9648617478269;4;112;1.97316562922741;894.970957613815;179.06671899529;931.856357927787;135.474882260596
1.4_4;15;68.2279748546365;149.964433693178;42.9648617478269;5;115;4.99422992148384;894.970957613815;179.06671899529;931.856357927787;135.474882260596
1.5_5;1;68.2279748546365;149.964433693178;42.9648617478269;4;112;0.238175737560849;299.5;515.5;303.5;595.5
1.5_5;2;68.2279748546365;149.964433693178;42.9648617478269;5;115;3.9887610027059;322.5;608.5;347.5;655.5
1.5_5;3;68.2279748546365;149.964433693178;42.9648617478269;2;100;1.04798210613626;827.5;669.5;771.5;773.5
1.5_5;4;68.2279748546365;149.964433693178;42.9648617478269;2;100;2.78368669506525;825.5;547.5;805.5;587.5
1.5_5;4;68.2279748546365;149.964433693178;42.9648617478269;5;115;4.33719416391376;825.5;547.5;805.5;587.5
1.5_5;5;68.2279748546365;149.964433693178;42.9648617478269;3;110;3.06279434893067;776.5;461.5;832.5;499.5
1.5_5;5;68.2279748546365;149.964433693178;42.9648617478269;5;115;1.92118835339952;776.5;461.5;832.5;499.5
1.5_5;6;68.2279748546365;149.964433693178;42.9648617478269;1;111;4.42568359925003;826.5;593.5;859.5;561.5
1.5_5;6;68.2279748546365;149.964433693178;42.9648617478269;4;112;3.67188005808087;826.5;593.5;859.5;561.5
1.5_5;6;68.2279748546365;149.964433693178;42.9648617478269;5;115;0.358630609520894;826.5;593.5;859.5;561.5
1.5_5;7;68.2279748546365;149.964433693178;42.9648617478269;2;100;1.81056663620096;856.5;70.5;830.5;113.5
1.5_5;7;68.2279748546365;149.964433693178;42.9648617478269;4;112;2.94904049141548;856.5;70.5;830.5;113.5
1.5_5;7;68.2279748546365;149.964433693178;42.9648617478269;5;115;4.08282387944575;856.5;70.5;830.5;113.5
1.5_5;8;68.2279748546365;149.964433693178;42.9648617478269;1;111;4.18378488175668;860.5;557.5;886.5;532.5
1.5_5;8;68.2279748546365;149.964433693178;42.9648617478269;4;112;3.91377877557408;860.5;557.5;886.5;532.5
1.5_5;8;68.2279748546365;149.964433693178;42.9648617478269;5;115;0.600529327013883;860.5;557.5;886.5;532.5
1.5_5;9;68.2279748546365;149.964433693178;42.9648617478269;4;112;0.0400468591747205;881.5;463.5;893.5;538.5
1.5_5;10;68.2279748546365;149.964433693178;42.9648617478269;5;115;3.01044455453498;789.344583987441;588.15934065934;831.259811616955;670.313186813187
1.5_5;11;68.2279748546365;149.964433693178;42.9648617478269;3;110;0.806220865884722;712.220565149137;787.675824175824;779.284929356358;775.93956043956
1.5_5;12;68.2279748546365;149.964433693178;42.9648617478269;1;111;4.59522674825504;509.350863422292;739.054160125588;581.445054945055;732.347723704866
1.5_5;13;68.2279748546365;149.964433693178;42.9648617478269;4;112;0.160762890175069;464.082417582418;713.90502354788;509.350863422292;725.641287284144
1.5_5;13;68.2279748546365;149.964433693178;42.9648617478269;5;115;0.327041724243206;464.082417582418;713.90502354788;509.350863422292;725.641287284144
1.5_5;14;68.2279748546365;149.964433693178;42.9648617478269;1;111;2.00699207221709;331.630298273156;661.930141287284;366.839089481947;660.253532182103
2.1_6;1;68.2279748546365;149.964433693178;42.9648617478269;3;110;3.32061694493657;277.5;500.5;248.5;688.5
2.1_6;1;68.2279748546365;149.964433693178;42.9648617478269;4;112;0.235556388751878;277.5;500.5;248.5;688.5
2.1_6;1;68.2279748546365;149.964433693178;42.9648617478269;5;115;0.654861977935249;277.5;500.5;248.5;688.5
2.1_6;2;68.2279748546365;149.964433693178;42.9648617478269;4;112;0.897982801903923;375.5;570.5;379.5;674.5
2.1_6;3;68.2279748546365;149.964433693178;42.9648617478269;4;112;2.73665273954815;381.5;630.5;447.5;642.5
2.1_6;3;68.2279748546365;149.964433693178;42.9648617478269;5;115;4.55665033601838;381.5;630.5;447.5;642.5
2.1_6;4;68.2279748546365;149.964433693178;42.9648617478269;4;112;0.561908624937953;449.5;758.5;645.5;786.5
2.1_6;4;68.2279748546365;149.964433693178;42.9648617478269;5;115;3.25737003427577;449.5;758.5;645.5;786.5
2.1_6;5;68.2279748546365;149.964433693178;42.9648617478269;2;100;1.43540865418287;923.5;66.5;895.5;113.5
2.1_6;5;68.2279748546365;149.964433693178;42.9648617478269;4;112;3.32419847343351;923.5;66.5;895.5;113.5
2.1_6;5;68.2279748546365;149.964433693178;42.9648617478269;5;115;4.45798186146375;923.5;66.5;895.5;113.5
2.1_6;6;68.2279748546365;149.964433693178;42.9648617478269;2;100;3.85417463463764;371.868916797488;673.666405023548;447.316326530612;697.138932496075
2.1_6;6;68.2279748546365;149.964433693178;42.9648617478269;4;112;2.58628040109991;371.868916797488;673.666405023548;447.316326530612;697.138932496075
2.1_6;6;68.2279748546365;149.964433693178;42.9648617478269;5;115;2.42000156703227;371.868916797488;673.666405023548;447.316326530612;697.138932496075
2.1_6;7;68.2279748546365;149.964433693178;42.9648617478269;3;110;3.62941577398428;831.259811616955;169.007064364207;884.911302982732;143.857927786499
2.1_6;7;68.2279748546365;149.964433693178;42.9648617478269;4;112;2.11400518874682;831.259811616955;169.007064364207;884.911302982732;143.857927786499
2.2_7;1;68.2279748546365;149.964433693178;42.9648617478269;4;112;3.75081589063729;342.5;503.5;334.5;590.5
2.2_7;1;68.2279748546365;149.964433693178;42.9648617478269;5;115;2.86039752394885;342.5;503.5;334.5;590.5
2.2_7;2;68.2279748546365;149.964433693178;42.9648617478269;1;111;1.51349807899104;446.5;581.5;472.5;670.5
2.2_7;2;68.2279748546365;149.964433693178;42.9648617478269;3;110;3.13661480339183;446.5;581.5;472.5;670.5
2.2_7;2;68.2279748546365;149.964433693178;42.9648617478269;4;112;4.1938295682684;446.5;581.5;472.5;670.5
2.2_7;2;68.2279748546365;149.964433693178;42.9648617478269;5;115;4.71491529772466;446.5;581.5;472.5;670.5
2.2_7;3;68.2279748546365;149.964433693178;42.9648617478269;2;100;1.02308471737882;503.5;716.5;574.5;742.5
2.2_7;4;68.2279748546365;149.964433693178;42.9648617478269;3;110;2.20170076258803;807.5;627.5;867.5;618.5
2.2_7;5;68.2279748546365;149.964433693178;42.9648617478269;2;100;1.97995499566064;934.5;673.5;906.5;719.5
2.2_7;5;68.2279748546365;149.964433693178;42.9648617478269;4;112;2.77965213195555;934.5;673.5;906.5;719.5
2.2_7;5;68.2279748546365;149.964433693178;42.9648617478269;5;115;3.91343551998611;934.5;673.5;906.5;719.5
2.2_7;6;68.2279748546365;149.964433693178;42.9648617478269;4;112;1.7297001321704;820.5;394.5;860.5;434.5
2.2_7;7;68.2279748546365;149.964433693178;42.9648617478269;3;110;1.89065181234495;821.5;565.5;866.5;558.5
2.2_7;8;68.2279748546365;149.964433693178;42.9648617478269;3;110;3.08259682614885;866.5;440.5;978.5;535.5
2.2_7;8;68.2279748546365;149.964433693178;42.9648617478269;4;112;2.96521414708055;866.5;440.5;978.5;535.5
2.2_7;8;68.2279748546365;149.964433693178;42.9648617478269;5;115;1.11082086992366;866.5;440.5;978.5;535.5
2.2_7;9;68.2279748546365;149.964433693178;42.9648617478269;3;110;3.75140896570687;940.5;669.5;1038.5;657.5
2.2_7;10;68.2279748546365;149.964433693178;42.9648617478269;4;112;1.72970013217019;1003.5;612.5;1045.5;654.5
2.2_7;11;68.2279748546365;149.964433693178;42.9648617478269;2;100;0.853099253898234;831.259811616955;480.856357927786;863.115384615385;422.175039246468
2.2_7;12;68.2279748546365;149.964433693178;42.9648617478269;4;112;1.22565870394109;829.583202511774;477.503139717425;863.115384615385;524.44819466248
2.2_7;13;68.2279748546365;149.964433693178;42.9648617478269;4;112;2.25970241238371;968.741758241758;524.44819466248;978.801412872842;574.746467817896
2.2_7;14;68.2279748546365;149.964433693178;42.9648617478269;3;110;1.43731935948997;975.44819466248;573.069858712716;1008.98037676609;599.895604395604
2.2_7;14;68.2279748546365;149.964433693178;42.9648617478269;4;112;4.6104916137395;975.44819466248;573.069858712716;1008.98037676609;599.895604395604
2.2_7;14;68.2279748546365;149.964433693178;42.9648617478269;5;115;0.534456596733322;975.44819466248;573.069858712716;1008.98037676609;599.895604395604
2.2_7;15;68.2279748546365;149.964433693178;42.9648617478269;4;112;2.79047606149863;772.578492935636;209.24568288854;848.02590266876;133.798273155415
2.2_7;15;68.2279748546365;149.964433693178;42.9648617478269;5;115;0.522773387060714;772.578492935636;209.24568288854;848.02590266876;133.798273155415
2.2_7;16;68.2279748546365;149.964433693178;42.9648617478269;3;110;0.352591248755757;465.759026687598;655.223704866562;492.584772370487;675.343014128728
2.2_7;16;68.2279748546365;149.964433693178;42.9648617478269;5;115;0.789014746774404;465.759026687598;655.223704866562;492.584772370487;675.343014128728
2.2_7;17;68.2279748546365;149.964433693178;42.9648617478269;1;111;4.17142569098326;495.937990580848;661.930141287284;509.350863422292;717.258241758242
2.2_7;17;68.2279748546365;149.964433693178;42.9648617478269;4;112;4.57676479825498;495.937990580848;661.930141287284;509.350863422292;717.258241758242
2.2_7;18;68.2279748546365;149.964433693178;42.9648617478269;1;111;4.85287888227391;563.002354788069;742.407378335949;631.743328100471;735.700941915228
2.3_8;1;68.2279748546365;149.964433693178;42.9648617478269;2;100;1.33679665192947;78.5;350.5;178.5;386.5
2.3_8;1;68.2279748546365;149.964433693178;42.9648617478269;5;115;4.93737954974057;78.5;350.5;178.5;386.5
2.3_8;2;68.2279748546365;149.964433693178;42.9648617478269;3;110;0.0175418512512072;316.5;532.5;279.5;705.5
2.3_8;2;68.2279748546365;149.964433693178;42.9648617478269;4;112;3.06751870493639;316.5;532.5;279.5;705.5
2.3_8;2;68.2279748546365;149.964433693178;42.9648617478269;5;115;2.24734473408426;316.5;532.5;279.5;705.5
2.3_8;3;68.2279748546365;149.964433693178;42.9648617478269;2;100;4.99839644473644;331.5;727.5;528.5;784.5
2.3_8;3;68.2279748546365;149.964433693178;42.9648617478269;4;112;1.44205859100101;331.5;727.5;528.5;784.5
2.3_8;3;68.2279748546365;149.964433693178;42.9648617478269;5;115;1.27577975693333;331.5;727.5;528.5;784.5
2.3_8;4;68.2279748546365;149.964433693178;42.9648617478269;3;110;4.63373883980867;608.5;795.5;648.5;784.5
2.3_8;4;68.2279748546365;149.964433693178;42.9648617478269;4;112;1.58124344244181;608.5;795.5;648.5;784.5
2.3_8;5;68.2279748546365;149.964433693178;42.9648617478269;4;112;2.18738486711823;833.5;687.5;786.5;735.5
2.3_8;5;68.2279748546365;149.964433693178;42.9648617478269;5;115;1.12586458144138;833.5;687.5;786.5;735.5
2.3_8;6;68.2279748546365;149.964433693178;42.9648617478269;3;110;3.85571670283858;841.5;726.5;831.5;761.5
2.3_8;6;68.2279748546365;149.964433693178;42.9648617478269;5;115;1.62591382000304;841.5;726.5;831.5;761.5
2.3_8;7;68.2279748546365;149.964433693178;42.9648617478269;3;110;3.73119881504112;839.5;688.5;953.5;674.5
2.3_8;8;68.2279748546365;149.964433693178;42.9648617478269;3;110;0.731741980532223;843.5;407.5;993.5;524.5
2.3_8;8;68.2279748546365;149.964433693178;42.9648617478269;5;115;1.24003397569137;843.5;407.5;993.5;524.5
2.3_8;9;68.2279748546365;149.964433693178;42.9648617478269;4;112;2.58479752843726;887.5;353.5;920.5;387.5
2.3_8;10;68.2279748546365;149.964433693178;42.9648617478269;4;112;2.76155264608394;994.5;600.5;946.5;664.5
2.3_8;10;68.2279748546365;149.964433693178;42.9648617478269;5;115;1.62776925805374;994.5;600.5;946.5;664.5
2.3_8;11;68.2279748546365;149.964433693178;42.9648617478269;2;100;3.83486744460887;1020.5;549.5;999.5;593.5
2.3_8;11;68.2279748546365;149.964433693178;42.9648617478269;5;115;3.28601341436996;1020.5;549.5;999.5;593.5
2.3_8;12;68.2279748546365;149.964433693178;42.9648617478269;3;110;1.16405062308553;906.707221350079;316.548665620094;1035.80612244898;418.821821036106
2.3_8;12;68.2279748546365;149.964433693178;42.9648617478269;4;112;4.88376035014438;906.707221350079;316.548665620094;1035.80612244898;418.821821036106
2.3_8;12;68.2279748546365;149.964433693178;42.9648617478269;5;115;0.807725333139161;906.707221350079;316.548665620094;1035.80612244898;418.821821036106
2.3_8;13;68.2279748546365;149.964433693178;42.9648617478269;5;115;0.970733500483862;990.537676609105;524.44819466248;1040.83594976452;407.085557299843
2.3_8;14;68.2279748546365;149.964433693178;42.9648617478269;3;110;0.762264593411222;842.996075353218;573.069858712716;988.861067503925;517.741758241758
2.3_8;14;68.2279748546365;149.964433693178;42.9648617478269;4;112;2.2285750153519;842.996075353218;573.069858712716;988.861067503925;517.741758241758
2.3_8;15;68.2279748546365;149.964433693178;42.9648617478269;1;111;4.53339375597991;157.26295133438;380.259811616954;257.859497645212;386.966248037676
2.3_8;15;68.2279748546365;149.964433693178;42.9648617478269;4;112;3.75411889492745;157.26295133438;380.259811616954;257.859497645212;386.966248037676
2.3_8;15;68.2279748546365;149.964433693178;42.9648617478269;5;115;1.05865748558957;157.26295133438;380.259811616954;257.859497645212;386.966248037676
2.3_8;16;68.2279748546365;149.964433693178;42.9648617478269;3;110;0.201021158455778;896.647566718995;675.343014128728;889.941130298273;707.198587127158
2.3_8;16;68.2279748546365;149.964433693178;42.9648617478269;4;112;2.88403939772865;896.647566718995;675.343014128728;889.941130298273;707.198587127158
2.3_8;16;68.2279748546365;149.964433693178;42.9648617478269;5;115;2.4308240412921;896.647566718995;675.343014128728;889.941130298273;707.198587127158
2.3_8;17;68.2279748546365;149.964433693178;42.9648617478269;3;110;2.90726111958233;848.02590266876;728.994505494505;891.617739403454;715.581632653061
2.3_8;17;68.2279748546365;149.964433693178;42.9648617478269;4;112;0.145234277785112;848.02590266876;728.994505494505;891.617739403454;715.581632653061
2.3_8;18;68.2279748546365;149.964433693178;42.9648617478269;1;111;4.46369785284535;740.722919937206;849.710361067504;794.374411302983;967.072998430141
2.3_8;18;68.2279748546365;149.964433693178;42.9648617478269;2;100;2.7951461752376;740.722919937206;849.710361067504;794.374411302983;967.072998430141
2.3_8;18;68.2279748546365;149.964433693178;42.9648617478269;4;112;4.08841928044941;740.722919937206;849.710361067504;794.374411302983;967.072998430141
2.3_8;18;68.2279748546365;149.964433693178;42.9648617478269;5;115;0.546755615292556;740.722919937206;849.710361067504;794.374411302983;967.072998430141
2.4_9;3;68.2279748546365;149.964433693178;42.9648617478269;3;110;3.18858019859393;518.5;745.5;561.5;732.5
2.4_9;3;68.2279748546365;149.964433693178;42.9648617478269;4;112;0.136084801225587;518.5;745.5;561.5;732.5
2.4_9;4;68.2279748546365;149.964433693178;42.9648617478269;3;110;3.72735718202879;724.5;798.5;769.5;777.5
2.4_9;4;68.2279748546365;149.964433693178;42.9648617478269;4;112;2.01606378070199;724.5;798.5;769.5;777.5
2.4_9;5;68.2279748546365;149.964433693178;42.9648617478269;3;110;3.30377709538977;734.5;757.5;854.5;727.5
2.4_9;5;68.2279748546365;149.964433693178;42.9648617478269;4;112;2.92125122334145;734.5;757.5;854.5;727.5
2.4_9;6;68.2279748546365;149.964433693178;42.9648617478269;3;110;1.0292815890352;768.5;403.5;809.5;433.5
2.4_9;6;68.2279748546365;149.964433693178;42.9648617478269;5;115;0.112324406494705;768.5;403.5;809.5;433.5
2.4_9;7;68.2279748546365;149.964433693178;42.9648617478269;1;111;0.975863301684162;812.5;440.5;872.5;613.5
2.4_9;7;68.2279748546365;149.964433693178;42.9648617478269;2;100;2.64441497929192;812.5;440.5;872.5;613.5
2.4_9;7;68.2279748546365;149.964433693178;42.9648617478269;3;110;0.293927109203931;812.5;440.5;872.5;613.5
2.4_9;7;68.2279748546365;149.964433693178;42.9648617478269;4;112;1.35114187408049;812.5;440.5;872.5;613.5
2.4_9;7;68.2279748546365;149.964433693178;42.9648617478269;5;115;1.87222760353652;812.5;440.5;872.5;613.5
2.4_9;8;68.2279748546365;149.964433693178;42.9648617478269;2;100;1.3450540008026;980.5;414.5;888.5;587.5
2.4_9;9;68.2279748546365;149.964433693178;42.9648617478269;3;110;0.352591248755757;824.553375196232;303.13579277865;978.801412872842;418.821821036106
2.4_9;9;68.2279748546365;149.964433693178;42.9648617478269;5;115;0.789014746774404;824.553375196232;303.13579277865;978.801412872842;418.821821036106
2.4_9;10;68.2279748546365;149.964433693178;42.9648617478269;2;100;3.22531926242914;831.259811616955;673.666405023548;869.821821036107;613.308477237048
2.4_9;10;68.2279748546365;149.964433693178;42.9648617478269;4;112;1.53428786518744;831.259811616955;673.666405023548;869.821821036107;613.308477237048
2.4_9;10;68.2279748546365;149.964433693178;42.9648617478269;5;115;2.6680712532178;831.259811616955;673.666405023548;869.821821036107;613.308477237048
2.4_9;11;68.2279748546365;149.964433693178;42.9648617478269;3;110;3.06566211072222;739.046310832025;703.845368916797;826.229984301413;692.109105180533
2.4_9;12;68.2279748546365;149.964433693178;42.9648617478269;1;111;0.0979927622089089;822.876766091052;668.636577708006;848.02590266876;747.437205651491
2.4_9;12;68.2279748546365;149.964433693178;42.9648617478269;2;100;4.07159735669643;822.876766091052;668.636577708006;848.02590266876;747.437205651491
2.4_9;12;68.2279748546365;149.964433693178;42.9648617478269;3;110;1.72110948660802;822.876766091052;668.636577708006;848.02590266876;747.437205651491
2.4_9;12;68.2279748546365;149.964433693178;42.9648617478269;4;112;2.77832425148474;822.876766091052;668.636577708006;848.02590266876;747.437205651491
2.4_9;12;68.2279748546365;149.964433693178;42.9648617478269;5;115;3.2994099809409;822.876766091052;668.636577708006;848.02590266876;747.437205651491
2.4_9;13;68.2279748546365;149.964433693178;42.9648617478269;5;115;2.25629385628805;464.082417582418;727.317896389325;521.087127158556;755.820251177394
2.4_9;14;68.2279748546365;149.964433693178;42.9648617478269;1;111;4.47510998604532;348.396389324961;641.810832025118;403.724489795918;636.781004709576
2.4_9;15;68.2279748546365;149.964433693178;42.9648617478269;5;115;4.61066863042679;408.75431711146;635.104395604395;403.724489795918;717.258241758242
2.4_9;16;68.2279748546365;149.964433693178;42.9648617478269;4;112;2.38299177207075;405.401098901099;722.288069073783;427.197017268446;754.143642072213
2.5_10;1;68.2279748546365;149.964433693178;42.9648617478269;4;112;1.11185313236381;382.5;575.5;401.5;681.5
2.5_10;2;68.2279748546365;149.964433693178;42.9648617478269;1;111;0.120366945853697;697.5;838.5;733.5;937.5
2.5_10;2;68.2279748546365;149.964433693178;42.9648617478269;2;100;1.78891862346361;697.5;838.5;733.5;937.5
2.5_10;2;68.2279748546365;149.964433693178;42.9648617478269;3;110;0.561569246624205;697.5;838.5;733.5;937.5
2.5_10;2;68.2279748546365;149.964433693178;42.9648617478269;4;112;0.495645518252397;697.5;838.5;733.5;937.5
2.5_10;2;68.2279748546365;149.964433693178;42.9648617478269;5;115;1.01673124770828;697.5;838.5;733.5;937.5
2.5_10;3;68.2279748546365;149.964433693178;42.9648617478269;4;112;2.79047606149863;750.5;697.5;794.5;653.5
2.5_10;3;68.2279748546365;149.964433693178;42.9648617478269;5;115;0.522773387060017;750.5;697.5;794.5;653.5
2.5_10;4;68.2279748546365;149.964433693178;42.9648617478269;3;110;3.45291871299817;754.5;642.5;791.5;631.5
2.5_10;4;68.2279748546365;149.964433693178;42.9648617478269;4;112;0.400423315631085;754.5;642.5;791.5;631.5
2.5_10;5;68.2279748546365;149.964433693178;42.9648617478269;1;111;3.62608285074271;770.5;405.5;795.5;504.5
2.5_10;6;68.2279748546365;149.964433693178;42.9648617478269;3;110;1.86769345354389;782.5;599.5;867.5;580.5
2.5_10;6;68.2279748546365;149.964433693178;42.9648617478269;4;112;4.3573348651872;782.5;599.5;867.5;580.5
2.5_10;7;68.2279748546365;149.964433693178;42.9648617478269;4;112;4.30648795835917;792.5;509.5;853.5;579.5
2.5_10;8;68.2279748546365;149.964433693178;42.9648617478269;3;110;3.7071447321752;808.5;385.5;951.5;509.5
2.5_10;8;68.2279748546365;149.964433693178;42.9648617478269;4;112;2.34066624105428;808.5;385.5;951.5;509.5
2.5_10;8;68.2279748546365;149.964433693178;42.9648617478269;5;115;1.7353687759503;808.5;385.5;951.5;509.5
2.5_10;9;68.2279748546365;149.964433693178;42.9648617478269;3;110;3.06279434893067;813.5;315.5;841.5;334.5
2.5_10;9;68.2279748546365;149.964433693178;42.9648617478269;5;115;1.92118835339952;813.5;315.5;841.5;334.5
2.5_10;10;68.2279748546365;149.964433693178;42.9648617478269;4;112;2.76155264608407;812.817111459969;393.672684458398;853.055729984302;340.021193092621
2.5_10;10;68.2279748546365;149.964433693178;42.9648617478269;5;115;1.62776925805397;812.817111459969;393.672684458398;853.055729984302;340.021193092621
2.5_10;11;68.2279748546365;149.964433693178;42.9648617478269;3;110;3.29269147253952;824.553375196232;343.374411302982;916.766875981162;405.408948194662
2.5_10;11;68.2279748546365;149.964433693178;42.9648617478269;5;115;2.15108547700823;824.553375196232;343.374411302982;916.766875981162;405.408948194662
2.5_10;12;68.2279748546365;149.964433693178;42.9648617478269;5;115;0.760859788916321;889.941130298273;455.707221350078;913.413657770801;400.379120879121
2.5_10;13;68.2279748546365;149.964433693178;42.9648617478269;3;110;0.781364811950375;868.145211930926;529.478021978022;958.682103610675;511.035321821036
2.5_10;14;68.2279748546365;149.964433693178;42.9648617478269;5;115;1.08803220450625;831.259811616955;650.19387755102;879.88147566719;524.44819466248
2.5_10;15;68.2279748546365;149.964433693178;42.9648617478269;3;110;4.39227462662644;792.697802197802;655.223704866562;853.055729984302;648.51726844584
2.5_10;16;68.2279748546365;149.964433693178;42.9648617478269;4;112;2.6073171138255;400.371271585557;678.696232339089;465.759026687598;690.432496075353
2.5_10;16;68.2279748546365;149.964433693178;42.9648617478269;5;115;4.68598596174118;400.371271585557;678.696232339089;465.759026687598;690.432496075353
2.5_10;17;68.2279748546365;149.964433693178;42.9648617478269;4;112;4.67713101885305;234.386970172684;469.120094191523;229.357142857143;651.870486656201
2.5_10;18;68.2279748546365;149.964433693178;42.9648617478269;2;100;4.83872095597695;438.93328100471;682.04945054945;504.321036106751;713.90502354788
2.5_10;18;68.2279748546365;149.964433693178;42.9648617478269;5;115;2.84695107093478;438.93328100471;682.04945054945;504.321036106751;713.90502354788
3.1_11;1;68.2279748546365;149.964433693178;42.9648617478269;3;110;0.1566536615919;265.5;447.5;237.5;576.5
3.1_11;1;68.2279748546365;149.964433693178;42.9648617478269;4;112;3.24171421778083;265.5;447.5;237.5;576.5
3.1_11;1;68.2279748546365;149.964433693178;42.9648617478269;5;115;2.07314922123963;265.5;447.5;237.5;576.5
3.1_11;2;68.2279748546365;149.964433693178;42.9648617478269;4;112;2.20673614161318;369.5;523.5;351.5;674.5
3.1_11;2;68.2279748546365;149.964433693178;42.9648617478269;5;115;1.31631777492469;369.5;523.5;351.5;674.5
3.1_11;3;68.2279748546365;149.964433693178;42.9648617478269;4;112;0.266937283610536;456.5;677.5;572.5;708.5
3.1_11;3;68.2279748546365;149.964433693178;42.9648617478269;5;115;0.100658449540849;456.5;677.5;572.5;708.5
3.1_11;4;68.2279748546365;149.964433693178;42.9648617478269;1;111;0.807597258888435;734.5;813.5;778.5;957.5
3.1_11;4;68.2279748546365;149.964433693178;42.9648617478269;2;100;4.78120185337726;734.5;813.5;778.5;957.5
3.1_11;4;68.2279748546365;149.964433693178;42.9648617478269;3;110;2.43071398328907;734.5;813.5;778.5;957.5
3.1_11;4;68.2279748546365;149.964433693178;42.9648617478269;4;112;3.48792874816571;734.5;813.5;778.5;957.5
3.1_11;4;68.2279748546365;149.964433693178;42.9648617478269;5;115;4.00901447762185;734.5;813.5;778.5;957.5
3.1_11;5;68.2279748546365;149.964433693178;42.9648617478269;2;100;2.45017495215119;863.5;546.5;801.5;646.5
3.1_11;5;68.2279748546365;149.964433693178;42.9648617478269;4;112;2.30943217546564;863.5;546.5;801.5;646.5
3.1_11;5;68.2279748546365;149.964433693178;42.9648617478269;5;115;3.44321556349584;863.5;546.5;801.5;646.5
3.1_11;6;68.2279748546365;149.964433693178;42.9648617478269;3;110;2.38819934542635;838.5;409.5;896.5;457.5
3.1_11;6;68.2279748546365;149.964433693178;42.9648617478269;4;112;3.65961162780292;838.5;409.5;896.5;457.5
3.1_11;6;68.2279748546365;149.964433693178;42.9648617478269;5;115;0.416423389200875;838.5;409.5;896.5;457.5
3.1_11;7;68.2279748546365;149.964433693178;42.9648617478269;2;100;3.88539281027162;868.5;468.5;848.5;510.5
3.1_11;7;68.2279748546365;149.964433693178;42.9648617478269;5;115;3.23548804870751;868.5;468.5;848.5;510.5
3.1_11;8;68.2279748546365;149.964433693178;42.9648617478269;3;110;1.20889113240969;886.5;58.5;873.5;113.5
3.1_11;8;68.2279748546365;149.964433693178;42.9648617478269;4;112;4.29395168859478;886.5;58.5;873.5;113.5
3.1_11;8;68.2279748546365;149.964433693178;42.9648617478269;5;115;1.02091175042558;886.5;58.5;873.5;113.5
3.1_11;9;68.2279748546365;149.964433693178;42.9648617478269;1;111;4.23761646893656;430.550235478807;618.33830455259;462.405808477237;688.755886970172
3.1_11;9;68.2279748546365;149.964433693178;42.9648617478269;2;100;2.56906479132889;430.550235478807;618.33830455259;462.405808477237;688.755886970172
3.1_11;9;68.2279748546365;149.964433693178;42.9648617478269;3;110;4.91955266141712;430.550235478807;618.33830455259;462.405808477237;688.755886970172
3.1_11;9;68.2279748546365;149.964433693178;42.9648617478269;4;112;3.86233789654061;430.550235478807;618.33830455259;462.405808477237;688.755886970172
3.1_11;9;68.2279748546365;149.964433693178;42.9648617478269;5;115;0.320674231383829;430.550235478807;618.33830455259;462.405808477237;688.755886970172
3.2_12;1;68.2279748546365;149.964433693178;42.9648617478269;3;110;3.10336837530057;268.5;486.5;234.5;701.5
3.2_12;1;68.2279748546365;149.964433693178;42.9648617478269;4;112;0.0183078191298039;268.5;486.5;234.5;701.5
3.2_12;1;68.2279748546365;149.964433693178;42.9648617478269;5;115;0.872110547571474;268.5;486.5;234.5;701.5
3.2_12;2;68.2279748546365;149.964433693178;42.9648617478269;4;112;0.0340954625466982;363.5;558.5;369.5;670.5
3.2_12;3;68.2279748546365;149.964433693178;42.9648617478269;4;112;2.48858586920322;447.5;739.5;492.5;743.5
3.2_12;3;68.2279748546365;149.964433693178;42.9648617478269;5;115;0.206875540135612;447.5;739.5;492.5;743.5
3.2_12;4;68.2279748546365;149.964433693178;42.9648617478269;1;111;3.67051055421541;521.5;769.5;539.5;752.5
3.2_12;4;68.2279748546365;149.964433693178;42.9648617478269;4;112;4.42705310311543;521.5;769.5;539.5;752.5
3.2_12;4;68.2279748546365;149.964433693178;42.9648617478269;5;115;1.11380365455593;521.5;769.5;539.5;752.5
3.2_12;5;68.2279748546365;149.964433693178;42.9648617478269;4;112;2.55507997418195;542.5;753.5;599.5;758.5
3.2_12;5;68.2279748546365;149.964433693178;42.9648617478269;5;115;0.140381435155493;542.5;753.5;599.5;758.5
3.2_12;6;68.2279748546365;149.964433693178;42.9648617478269;1;111;1.12025640852956;715.5;844.5;758.5;969.5
3.2_12;6;68.2279748546365;149.964433693178;42.9648617478269;2;100;2.78880808613745;715.5;844.5;758.5;969.5
3.2_12;6;68.2279748546365;149.964433693178;42.9648617478269;3;110;0.438320216048889;715.5;844.5;758.5;969.5
3.2_12;6;68.2279748546365;149.964433693178;42.9648617478269;4;112;1.49553498092601;715.5;844.5;758.5;969.5
3.2_12;6;68.2279748546365;149.964433693178;42.9648617478269;5;115;2.01662071038192;715.5;844.5;758.5;969.5
3.2_12;7;68.2279748546365;149.964433693178;42.9648617478269;3;110;2.76038882012752;797.5;673.5;878.5;639.5
3.2_12;7;68.2279748546365;149.964433693178;42.9648617478269;4;112;0.230450788636629;797.5;673.5;878.5;639.5
3.2_12;8;68.2279748546365;149.964433693178;42.9648617478269;3;110;3.68830675497431;782.5;585.5;817.5;576.5
3.2_12;8;68.2279748546365;149.964433693178;42.9648617478269;4;112;2.53672156375691;782.5;585.5;817.5;576.5
3.2_12;9;68.2279748546365;149.964433693178;42.9648617478269;5;115;1.73463196141398;851.5;393.5;823.5;456.5
3.2_12;10;68.2279748546365;149.964433693178;42.9648617478269;4;112;2.06818296468143;822.5;353.5;849.5;392.5
3.2_12;11;68.2279748546365;149.964433693178;42.9648617478269;3;110;2.77938440109814;826.5;724.5;962.5;705.5
3.2_12;12;68.2279748546365;149.964433693178;42.9648617478269;4;112;4.75795328783189;846.5;530.5;906.5;626.5
3.2_12;13;68.2279748546365;149.964433693178;42.9648617478269;4;112;0.407210721586081;865.5;322.5;1004.5;451.5
3.2_12;13;68.2279748546365;149.964433693178;42.9648617478269;5;115;3.66882429541801;865.5;322.5;1004.5;451.5
3.2_12;14;68.2279748546365;149.964433693178;42.9648617478269;4;112;1.71396318386701;919.5;512.5;966.5;579.5
3.2_12;15;68.2279748546365;149.964433693178;42.9648617478269;3;110;0.215806033822916;920.5;508.5;1023.5;451.5
3.2_12;16;68.2279748546365;149.964433693178;42.9648617478269;3;110;4.60324582340732;819.523547880691;454.030612244898;861.438775510204;480.856357927786
3.2_12;16;68.2279748546365;149.964433693178;42.9648617478269;5;115;3.46163982787624;819.523547880691;454.030612244898;861.438775510204;480.856357927786
3.2_12;17;68.2279748546365;149.964433693178;42.9648617478269;3;110;4.69296494718648;849.702511773941;472.473312401884;817.84693877551;578.099686028257
3.2_12;17;68.2279748546365;149.964433693178;42.9648617478269;5;115;2.46316206435074;849.702511773941;472.473312401884;817.84693877551;578.099686028257
3.2_12;18;68.2279748546365;149.964433693178;42.9648617478269;4;112;3.79146859367937;801.080847723705;668.636577708006;762.518838304553;717.258241758242
3.2_12;18;68.2279748546365;149.964433693178;42.9648617478269;5;115;3.17592695703179;801.080847723705;668.636577708006;762.518838304553;717.258241758242
3.2_12;19;68.2279748546365;149.964433693178;42.9648617478269;1;111;0.719318921689705;869.821821036107;641.810832025118;910.06043956044;641.810832025118
3.2_12;19;68.2279748546365;149.964433693178;42.9648617478269;5;115;4.87273231988023;869.821821036107;641.810832025118;910.06043956044;641.810832025118
3.2_12;20;68.2279748546365;149.964433693178;42.9648617478269;4;112;0.663932716860026;428.873626373626;673.666405023548;432.226844583987;752.467032967033
3.2_12;21;68.2279748546365;149.964433693178;42.9648617478269;2;100;1.15256648455434;370.192307692308;650.19387755102;425.520408163265;670.313186813187
3.3_13;1;68.2279748546365;149.964433693178;42.9648617478269;1;111;0.236428460667615;684.5;850.5;727.5;969.5
3.3_13;1;68.2279748546365;149.964433693178;42.9648617478269;2;100;1.9049801382768;684.5;850.5;727.5;969.5
3.3_13;1;68.2279748546365;149.964433693178;42.9648617478269;3;110;0.445507731810884;684.5;850.5;727.5;969.5
3.3_13;1;68.2279748546365;149.964433693178;42.9648617478269;4;112;0.6117070330651;684.5;850.5;727.5;969.5
3.3_13;1;68.2279748546365;149.964433693178;42.9648617478269;5;115;1.13279276252132;684.5;850.5;727.5;969.5
3.3_13;2;68.2279748546365;149.964433693178;42.9648617478269;3;110;2.9322784883548;776.5;722.5;922.5;702.5
3.3_13;3;68.2279748546365;149.964433693178;42.9648617478269;2;100;1.88188879042726;854.5;427.5;1007.5;492.5
3.3_13;4;68.2279748546365;149.964433693178;42.9648617478269;2;100;3.25331371475489;950.5;600.5;902.5;698.5
3.3_13;4;68.2279748546365;149.964433693178;42.9648617478269;5;115;3.86756714422413;950.5;600.5;902.5;698.5
3.3_13;5;68.2279748546365;149.964433693178;42.9648617478269;3;110;0.934737692769193;819.523547880691;499.299058084772;960.358712715856;609.955259026687
3.3_13;5;68.2279748546365;149.964433693178;42.9648617478269;5;115;1.03703826345514;819.523547880691;499.299058084772;960.358712715856;609.955259026687
3.4_14;1;68.2279748546365;149.964433693178;42.9648617478269;4;112;4.11906531138256;322.5;470.5;318.5;695.5
3.4_14;2;68.2279748546365;149.964433693178;42.9648617478269;4;112;3.10058096366942;396.5;525.5;396.5;729.5
3.4_14;3;68.2279748546365;149.964433693178;42.9648617478269;4;112;0.471250821618742;406.5;720.5;583.5;745.5
3.4_14;3;68.2279748546365;149.964433693178;42.9648617478269;5;115;3.16671223095637;406.5;720.5;583.5;745.5
3.4_14;4;68.2279748546365;149.964433693178;42.9648617478269;2;100;3.34280974078098;770.5;829.5;830.5;957.5
3.4_14;4;68.2279748546365;149.964433693178;42.9648617478269;4;112;4.63608284599277;770.5;829.5;830.5;957.5
3.4_14;4;68.2279748546365;149.964433693178;42.9648617478269;5;115;1.09441918083672;770.5;829.5;830.5;957.5
3.4_14;5;68.2279748546365;149.964433693178;42.9648617478269;2;100;2.11540575872253;842.5;613.5;801.5;680.5
3.4_14;5;68.2279748546365;149.964433693178;42.9648617478269;4;112;2.64420136889423;842.5;613.5;801.5;680.5
3.4_14;5;68.2279748546365;149.964433693178;42.9648617478269;5;115;3.7779847569246;842.5;613.5;801.5;680.5
3.4_14;6;68.2279748546365;149.964433693178;42.9648617478269;4;112;1.7297001321704;806.5;389.5;906.5;489.5
3.4_14;7;68.2279748546365;149.964433693178;42.9648617478269;4;112;0.222311442682399;912.5;534.5;858.5;594.5
3.4_14;7;68.2279748546365;149.964433693178;42.9648617478269;5;115;3.53556089124414;912.5;534.5;858.5;594.5
3.4_14;8;68.2279748546365;149.964433693178;42.9648617478269;4;112;1.89786260148443;1045.5;484.5;928.5;645.5
3.4_14;8;68.2279748546365;149.964433693178;42.9648617478269;5;115;0.764079213454945;1045.5;484.5;928.5;645.5
3.4_14;9;68.2279748546365;149.964433693178;42.9648617478269;3;110;3.48835777658093;948.5;411.5;1034.5;485.5
3.4_14;9;68.2279748546365;149.964433693178;42.9648617478269;4;112;2.55945319664842;948.5;411.5;1034.5;485.5
3.4_14;9;68.2279748546365;149.964433693178;42.9648617478269;5;115;1.51658182035633;948.5;411.5;1034.5;485.5
3.4_14;10;68.2279748546365;149.964433693178;42.9648617478269;1;111;3.76217708294804;896.647566718995;475.826530612245;910.06043956044;529.478021978022
3.4_14;10;68.2279748546365;149.964433693178;42.9648617478269;4;112;4.98601340629006;896.647566718995;475.826530612245;910.06043956044;529.478021978022
3.4_14;11;68.2279748546365;149.964433693178;42.9648617478269;3;110;2.15635573344764;807.787284144427;609.955259026687;853.055729984302;591.512558869701
3.4_14;11;68.2279748546365;149.964433693178;42.9648617478269;4;112;0.834483875315193;807.787284144427;609.955259026687;853.055729984302;591.512558869701
3.5_15;1;68.2279748546365;149.964433693178;42.9648617478269;1;111;3.76217708294804;401.5;555.5;413.5;603.5
3.5_15;1;68.2279748546365;149.964433693178;42.9648617478269;4;112;4.98601340628998;401.5;555.5;413.5;603.5
3.5_15;2;68.2279748546365;149.964433693178;42.9648617478269;3;110;2.08838521662256;444.5;615.5;420.5;710.5
3.5_15;2;68.2279748546365;149.964433693178;42.9648617478269;5;115;0.14141766621798;444.5;615.5;420.5;710.5
3.5_15;3;68.2279748546365;149.964433693178;42.9648617478269;4;112;2.63577999251382;420.5;601.5;470.5;610.5
3.5_15;3;68.2279748546365;149.964433693178;42.9648617478269;5;115;4.6575230830527;420.5;601.5;470.5;610.5
3.5_15;4;68.2279748546365;149.964433693178;42.9648617478269;4;112;1.61381575666225;420.5;715.5;661.5;771.5
3.5_15;4;68.2279748546365;149.964433693178;42.9648617478269;5;115;1.78009459073009;420.5;715.5;661.5;771.5
3.5_15;5;68.2279748546365;149.964433693178;42.9648617478269;4;112;1.61882209046349;494.5;627.5;500.5;673.5
3.5_15;6;68.2279748546365;149.964433693178;42.9648617478269;4;112;2.12786169821244;509.5;667.5;551.5;671.5
3.5_15;6;68.2279748546365;149.964433693178;42.9648617478269;5;115;0.567599711125495;509.5;667.5;551.5;671.5
3.5_15;7;68.2279748546365;149.964433693178;42.9648617478269;1;111;4.08821236070086;549.5;707.5;573.5;684.5
3.5_15;7;68.2279748546365;149.964433693178;42.9648617478269;4;112;4.00935129662997;549.5;707.5;573.5;684.5
3.5_15;7;68.2279748546365;149.964433693178;42.9648617478269;5;115;0.696101848070212;549.5;707.5;573.5;684.5
3.5_15;8;68.2279748546365;149.964433693178;42.9648617478269;2;100;3.63569296358487;759.5;848.5;797.5;928.5
3.5_15;8;68.2279748546365;149.964433693178;42.9648617478269;4;112;4.92896606879674;759.5;848.5;797.5;928.5
3.5_15;8;68.2279748546365;149.964433693178;42.9648617478269;5;115;1.38730240364053;759.5;848.5;797.5;928.5
3.5_15;9;68.2279748546365;149.964433693178;42.9648617478269;1;111;4.63650612116555;784.5;648.5;816.5;645.5
3.5_15;10;68.2279748546365;149.964433693178;42.9648617478269;3;110;1.67495215486401;785.5;672.5;835.5;661.5
3.5_15;10;68.2279748546365;149.964433693178;42.9648617478269;4;112;4.55007616386716;785.5;672.5;835.5;661.5
3.5_15;11;68.2279748546365;149.964433693178;42.9648617478269;3;110;4.70417859432656;817.5;337.5;974.5;478.5
3.5_15;11;68.2279748546365;149.964433693178;42.9648617478269;4;112;1.34363237890267;817.5;337.5;974.5;478.5
3.5_15;11;68.2279748546365;149.964433693178;42.9648617478269;5;115;2.73240263810179;817.5;337.5;974.5;478.5
3.5_15;12;68.2279748546365;149.964433693178;42.9648617478269;4;112;1.58263713467366;832.5;427.5;875.5;488.5
3.5_15;13;68.2279748546365;149.964433693178;42.9648617478269;3;110;2.66003138121442;871.5;495.5;955.5;475.5
3.5_15;13;68.2279748546365;149.964433693178;42.9648617478269;4;112;3.5649969375168;871.5;495.5;955.5;475.5
3.5_15;14;68.2279748546365;149.964433693178;42.9648617478269;2;100;2.00834735186641;1020.5;527.5;981.5;591.5
3.5_15;14;68.2279748546365;149.964433693178;42.9648617478269;4;112;2.75125977574997;1020.5;527.5;981.5;591.5
3.5_15;14;68.2279748546365;149.964433693178;42.9648617478269;5;115;3.88504316378028;1020.5;527.5;981.5;591.5
3.5_15;15;68.2279748546365;149.964433693178;42.9648617478269;5;115;0.636651108734675;819.523547880691;633.427786499215;878.204866562009;494.26923076923
3.5_15;16;68.2279748546365;149.964433693178;42.9648617478269;4;112;4.85999490079526;343.366562009419;495.945839874411;326.600470957614;727.317896389325
3.5_15;16;68.2279748546365;149.964433693178;42.9648617478269;5;115;3.96957653410694;343.366562009419;495.945839874411;326.600470957614;727.317896389325
4.1_16;1;68.2279748546365;149.964433693178;42.9648617478269;4;112;0.831176058713315;692.5;795.5;719.5;950.5
4.1_16;2;68.2279748546365;149.964433693178;42.9648617478269;3;110;3.78833586154326;740.5;687.5;896.5;668.5
4.1_16;3;68.2279748546365;149.964433693178;42.9648617478269;3;110;3.1766255598044;787.5;518.5;848.5;480.5
4.1_16;4;68.2279748546365;149.964433693178;42.9648617478269;1;111;1.63392139861767;840.5;391.5;860.5;460.5
4.1_16;4;68.2279748546365;149.964433693178;42.9648617478269;3;110;3.25703812301831;840.5;391.5;860.5;460.5
4.1_16;4;68.2279748546365;149.964433693178;42.9648617478269;4;112;4.31425288789491;840.5;391.5;860.5;460.5
4.1_16;4;68.2279748546365;149.964433693178;42.9648617478269;5;115;4.83533861735119;840.5;391.5;860.5;460.5
4.1_16;5;68.2279748546365;149.964433693178;42.9648617478269;2;100;2.44264441620634;886.5;6.5;852.5;73.5
4.1_16;5;68.2279748546365;149.964433693178;42.9648617478269;5;115;4.67823644277256;886.5;6.5;852.5;73.5
4.1_16;6;68.2279748546365;149.964433693178;42.9648617478269;5;115;0.606111369823257;784.3147566719;360.140502354788;849.702511773941;397.025902668759
4.2_17;1;68.2279748546365;149.964433693178;42.9648617478269;2;100;1.92584652583921;87.5;346.5;188.5;389.5
4.2_17;2;68.2279748546365;149.964433693178;42.9648617478269;3;110;3.95957684392822;315.5;521.5;299.5;633.5
4.2_17;2;68.2279748546365;149.964433693178;42.9648617478269;4;112;0.874516287744081;315.5;521.5;299.5;633.5
4.2_17;2;68.2279748546365;149.964433693178;42.9648617478269;5;115;0.0159020789221921;315.5;521.5;299.5;633.5
4.2_17;3;68.2279748546365;149.964433693178;42.9648617478269;4;112;1.70060117880024;344.5;698.5;448.5;722.5
4.2_17;3;68.2279748546365;149.964433693178;42.9648617478269;5;115;1.86688001286795;344.5;698.5;448.5;722.5
4.2_17;4;68.2279748546365;149.964433693178;42.9648617478269;1;111;3.92873411236958;398.5;577.5;418.5;658.5
4.2_17;4;68.2279748546365;149.964433693178;42.9648617478269;4;112;4.81945637686858;398.5;577.5;418.5;658.5
4.2_17;5;68.2279748546365;149.964433693178;42.9648617478269;4;112;1.06822311082545;420.5;667.5;486.5;683.5
4.2_17;5;68.2279748546365;149.964433693178;42.9648617478269;5;115;1.23450194489311;420.5;667.5;486.5;683.5
4.2_17;6;68.2279748546365;149.964433693178;42.9648617478269;1;111;3.18599119917061;508.5;674.5;522.5;661.5
4.2_17;6;68.2279748546365;149.964433693178;42.9648617478269;4;112;4.91157245816013;508.5;674.5;522.5;661.5
4.2_17;6;68.2279748546365;149.964433693178;42.9648617478269;5;115;1.59832300960022;508.5;674.5;522.5;661.5
4.2_17;7;68.2279748546365;149.964433693178;42.9648617478269;4;112;0.556109659066131;508.5;747.5;639.5;780.5
4.2_17;7;68.2279748546365;149.964433693178;42.9648617478269;5;115;0.722388493133959;508.5;747.5;639.5;780.5
4.2_17;8;68.2279748546365;149.964433693178;42.9648617478269;3;110;2.32278085125992;752.5;703.5;821.5;687.5
4.2_17;8;68.2279748546365;149.964433693178;42.9648617478269;4;112;3.90224746747141;752.5;703.5;821.5;687.5
4.2_17;9;68.2279748546365;149.964433693178;42.9648617478269;2;100;3.49687533008279;854.5;487.5;807.5;584.5
4.2_17;9;68.2279748546365;149.964433693178;42.9648617478269;5;115;3.62400552889625;854.5;487.5;807.5;584.5
4.2_17;10;68.2279748546365;149.964433693178;42.9648617478269;2;100;2.78368669506525;791.5;617.5;781.5;637.5
4.2_17;10;68.2279748546365;149.964433693178;42.9648617478269;5;115;4.33719416391376;791.5;617.5;781.5;637.5
4.2_17;11;68.2279748546365;149.964433693178;42.9648617478269;5;115;3.53239587140996;807.787284144427;418.821821036106;848.02590266876;495.945839874411
4.2_17;12;68.2279748546365;149.964433693178;42.9648617478269;1;111;0.719318921689705;754.13579277865;636.781004709576;802.757456828885;636.781004709576
4.2_17;12;68.2279748546365;149.964433693178;42.9648617478269;5;115;4.87273231988023;754.13579277865;636.781004709576;802.757456828885;636.781004709576
4.2_17;13;68.2279748546365;149.964433693178;42.9648617478269;2;100;1.97995499566064;807.787284144427;658.576923076923;831.259811616955;620.014913657771
4.2_17;13;68.2279748546365;149.964433693178;42.9648617478269;4;112;2.77965213195568;807.787284144427;658.576923076923;831.259811616955;620.014913657771
4.2_17;13;68.2279748546365;149.964433693178;42.9648617478269;5;115;3.91343551998592;807.787284144427;658.576923076923;831.259811616955;620.014913657771
4.2_17;14;68.2279748546365;149.964433693178;42.9648617478269;2;100;1.24446204550517;806.110675039247;663.606750392464;834.613029827316;675.343014128728
4.2_17;15;68.2279748546365;149.964433693178;42.9648617478269;5;115;0.857234743820801;809.463893249608;707.198587127158;824.553375196232;668.636577708006
4.2_17;16;68.2279748546365;149.964433693178;42.9648617478269;3;110;4.96466284918244;484.201726844584;680.37284144427;475.818681318681;747.437205651491
4.2_17;16;68.2279748546365;149.964433693178;42.9648617478269;4;112;1.87960229299785;484.201726844584;680.37284144427;475.818681318681;747.437205651491
4.2_17;16;68.2279748546365;149.964433693178;42.9648617478269;5;115;0.989183926309243;484.201726844584;680.37284144427;475.818681318681;747.437205651491
4.2_17;17;68.2279748546365;149.964433693178;42.9648617478269;4;112;3.83795814908924;313.18759811617;665.283359497645;343.366562009419;700.492150706436
4.3_18;1;68.2279748546365;149.964433693178;42.9648617478269;4;112;4.10215339932523;232.5;515.5;227.5;801.5
4.3_18;2;68.2279748546365;149.964433693178;42.9648617478269;4;112;1.40065894865009;236.5;800.5;437.5;858.5
4.3_18;2;68.2279748546365;149.964433693178;42.9648617478269;5;115;1.2343801145822;236.5;800.5;437.5;858.5
4.3_18;3;68.2279748546365;149.964433693178;42.9648617478269;1;111;1.99441864793269;725.5;871.5;779.5;1004.5
4.3_18;3;68.2279748546365;149.964433693178;42.9648617478269;2;100;0.32586697032445;725.5;871.5;779.5;1004.5
4.3_18;3;68.2279748546365;149.964433693178;42.9648617478269;3;110;2.6763548404133;725.5;871.5;779.5;1004.5
4.3_18;3;68.2279748546365;149.964433693178;42.9648617478269;4;112;1.61914007553702;725.5;871.5;779.5;1004.5
4.3_18;3;68.2279748546365;149.964433693178;42.9648617478269;5;115;1.09805434608048;725.5;871.5;779.5;1004.5
4.3_18;4;68.2279748546365;149.964433693178;42.9648617478269;4;112;1.98550512955169;767.5;668.5;792.5;704.5
4.3_18;5;68.2279748546365;149.964433693178;42.9648617478269;3;110;1.79634133661468;768.5;720.5;795.5;714.5
4.3_18;5;68.2279748546365;149.964433693178;42.9648617478269;4;112;4.42868698211636;768.5;720.5;795.5;714.5
4.3_18;6;68.2279748546365;149.964433693178;42.9648617478269;4;112;1.49618898067288;884.5;578.5;826.5;659.5
4.3_18;6;68.2279748546365;149.964433693178;42.9648617478269;5;115;0.362405592643025;884.5;578.5;826.5;659.5
4.3_18;7;68.2279748546365;149.964433693178;42.9648617478269;3;110;2.23046869604137;854.5;358.5;944.5;421.5
4.3_18;7;68.2279748546365;149.964433693178;42.9648617478269;5;115;1.08886270050995;854.5;358.5;944.5;421.5
4.3_18;8;68.2279748546365;149.964433693178;42.9648617478269;4;112;4.81039500781093;871.5;502.5;869.5;569.5
4.3_18;9;68.2279748546365;149.964433693178;42.9648617478269;4;112;2.79047606149876;868.145211930926;495.945839874411;945.269230769231;418.821821036106
4.3_18;9;68.2279748546365;149.964433693178;42.9648617478269;5;115;0.522773387060017;868.145211930926;495.945839874411;945.269230769231;418.821821036106
4.3_18;10;68.2279748546365;149.964433693178;42.9648617478269;2;100;0.842885088813754;858.085557299843;182.419937205651;911.73704866562;90.2064364207217
4.3_18;10;68.2279748546365;149.964433693178;42.9648617478269;4;112;3.91672203880228;858.085557299843;182.419937205651;911.73704866562;90.2064364207217
4.3_18;11;68.2279748546365;149.964433693178;42.9648617478269;3;110;1.24956970527878;184.088697017268;464.090266875981;145.526687598116;626.721350078493
4.3_18;11;68.2279748546365;149.964433693178;42.9648617478269;4;112;4.33463026146372;184.088697017268;464.090266875981;145.526687598116;626.721350078493
4.3_18;11;68.2279748546365;149.964433693178;42.9648617478269;5;115;0.980233177556429;184.088697017268;464.090266875981;145.526687598116;626.721350078493
4.3_18;12;68.2279748546365;149.964433693178;42.9648617478269;4;112;4.54168025579165;249.476452119309;521.094976452119;242.770015698587;787.675824175824
4.4_19;1;68.2279748546365;149.964433693178;42.9648617478269;1;111;0.787120648251698;712.5;783.5;746.5;880.5
4.4_19;1;68.2279748546365;149.964433693178;42.9648617478269;2;100;2.45567232585942;712.5;783.5;746.5;880.5
4.4_19;1;68.2279748546365;149.964433693178;42.9648617478269;3;110;0.105184455768444;712.5;783.5;746.5;880.5
4.4_19;1;68.2279748546365;149.964433693178;42.9648617478269;4;112;1.16239922064803;712.5;783.5;746.5;880.5
4.4_19;1;68.2279748546365;149.964433693178;42.9648617478269;5;115;1.68348495010395;712.5;783.5;746.5;880.5
4.4_19;2;68.2279748546365;149.964433693178;42.9648617478269;2;100;2.00084299309956;868.5;460.5;815.5;547.5
4.4_19;2;68.2279748546365;149.964433693178;42.9648617478269;4;112;2.75876413451688;868.5;460.5;815.5;547.5
4.4_19;2;68.2279748546365;149.964433693178;42.9648617478269;5;115;3.8925475225471;868.5;460.5;815.5;547.5
4.4_19;3;68.2279748546365;149.964433693178;42.9648617478269;1;111;3.49970509860297;755.812401883831;588.15934065934;824.553375196232;537.861067503924
4.4_19;4;68.2279748546365;149.964433693178;42.9648617478269;4;112;3.07326896993557;811.140502354788;391.996075353218;858.085557299843;462.4136577708
4.5_20;1;68.2279748546365;149.964433693178;42.9648617478269;4;112;0.810990848859396;321.5;602.5;329.5;719.5
4.5_20;2;68.2279748546365;149.964433693178;42.9648617478269;3;110;2.81934915257439;422.5;755.5;494.5;720.5
4.5_20;2;68.2279748546365;149.964433693178;42.9648617478269;4;112;2.92407181015655;422.5;755.5;494.5;720.5
4.5_20;3;68.2279748546365;149.964433693178;42.9648617478269;1;111;0.00911482132048473;672.5;846.5;724.5;988.5
4.5_20;3;68.2279748546365;149.964433693178;42.9648617478269;2;100;1.65943685628803;672.5;846.5;724.5;988.5
4.5_20;3;68.2279748546365;149.964433693178;42.9648617478269;3;110;0.691051013799939;672.5;846.5;724.5;988.5
4.5_20;3;68.2279748546365;149.964433693178;42.9648617478269;4;112;0.366163751076716;672.5;846.5;724.5;988.5
4.5_20;3;68.2279748546365;149.964433693178;42.9648617478269;5;115;0.887249480532822;672.5;846.5;724.5;988.5
4.5_20;4;68.2279748546365;149.964433693178;42.9648617478269;3;110;1.11273857283731;719.5;755.5;778.5;745.5
4.5_20;5;68.2279748546365;149.964433693178;42.9648617478269;4;112;2.06525176243935;817.5;514.5;778.5;554.5
4.5_20;5;68.2279748546365;149.964433693178;42.9648617478269;5;115;1.24799768612013;817.5;514.5;778.5;554.5
4.5_20;6;68.2279748546365;149.964433693178;42.9648617478269;3;110;2.30308688214239;759.5;459.5;812.5;496.5
4.5_20;6;68.2279748546365;149.964433693178;42.9648617478269;5;115;1.16148088661121;759.5;459.5;812.5;496.5
4.5_20;7;68.2279748546365;149.964433693178;42.9648617478269;2;100;2.31201322449311;895.5;634.5;858.5;694.5
4.5_20;7;68.2279748546365;149.964433693178;42.9648617478269;4;112;2.44759390312326;895.5;634.5;858.5;694.5
4.5_20;7;68.2279748546365;149.964433693178;42.9648617478269;5;115;3.58137729115352;895.5;634.5;858.5;694.5
4.5_20;8;68.2279748546365;149.964433693178;42.9648617478269;4;112;2.30842569777835;817.5;521.5;866.5;571.5
4.5_20;9;68.2279748546365;149.964433693178;42.9648617478269;3;110;1.85180722201607;725.633437990581;601.572213500785;779.284929356358;593.189167974882
4.5_20;10;68.2279748546365;149.964433693178;42.9648617478269;3;110;4.49503582949271;779.284929356358;542.890894819466;772.578492935636;593.189167974882
4.5_20;10;68.2279748546365;149.964433693178;42.9648617478269;4;112;1.40997527330818;779.284929356358;542.890894819466;772.578492935636;593.189167974882
4.5_20;10;68.2279748546365;149.964433693178;42.9648617478269;5;115;0.519556906618739;779.284929356358;542.890894819466;772.578492935636;593.189167974882
4.5_20;11;68.2279748546365;149.964433693178;42.9648617478269;1;111;0.719318921689705;807.787284144427;692.109105180533;881.558084772371;692.109105180533
4.5_20;11;68.2279748546365;149.964433693178;42.9648617478269;5;115;4.87273231988023;807.787284144427;692.109105180533;881.558084772371;692.109105180533
4.5_20;12;68.2279748546365;149.964433693178;42.9648617478269;5;115;1.57808650529353;804.434065934066;688.755886970172;779.284929356358;745.760596546311
4.5_20;13;68.2279748546365;149.964433693178;42.9648617478269;2;100;1.11335065075835;328.277080062794;702.168759811617;402.047880690738;732.347723704866
4.5_20;14;68.2279748546365;149.964433693178;42.9648617478269;3;110;3.14204767849702;402.047880690738;732.347723704866;435.580062794349;760.850078492935
4.5_20;14;68.2279748546365;149.964433693178;42.9648617478269;4;112;2.90576329473236;402.047880690738;732.347723704866;435.580062794349;760.850078492935
4.5_20;14;68.2279748546365;149.964433693178;42.9648617478269;5;115;1.17027172227224;402.047880690738;732.347723704866;435.580062794349;760.850078492935
4.5_20;15;68.2279748546365;149.964433693178;42.9648617478269;1;111;3.44879020513854;856.408948194663;579.776295133438;884.911302982732;645.164050235478
4.5_20;15;68.2279748546365;149.964433693178;42.9648617478269;2;100;1.78023852753074;856.408948194663;579.776295133438;884.911302982732;645.164050235478
4.5_20;15;68.2279748546365;149.964433693178;42.9648617478269;3;110;4.13072639761904;856.408948194663;579.776295133438;884.911302982732;645.164050235478
4.5_20;15;68.2279748546365;149.964433693178;42.9648617478269;4;112;3.07351163274265;856.408948194663;579.776295133438;884.911302982732;645.164050235478
4.5_20;15;68.2279748546365;149.964433693178;42.9648617478269;5;115;0.46815203241217;856.408948194663;579.776295133438;884.911302982732;645.164050235478
5.1_21;1;68.2279748546365;149.964433693178;42.9648617478269;1;111;1.44176056653693;340.5;648.5;393.5;646.5
5.1_21;2;68.2279748546365;149.964433693178;42.9648617478269;2;100;2.31096298821418;397.5;646.5;441.5;661.5
5.1_21;2;68.2279748546365;149.964433693178;42.9648617478269;4;112;4.12949204752341;397.5;646.5;441.5;661.5
5.1_21;2;68.2279748546365;149.964433693178;42.9648617478269;5;115;3.96321321345563;397.5;646.5;441.5;661.5
5.1_21;3;68.2279748546365;149.964433693178;42.9648617478269;1;111;0.0591305230216666;709.5;800.5;756.5;928.5
5.1_21;3;68.2279748546365;149.964433693178;42.9648617478269;2;100;1.60942115457706;709.5;800.5;756.5;928.5
5.1_21;3;68.2279748546365;149.964433693178;42.9648617478269;3;110;0.741066715509941;709.5;800.5;756.5;928.5
5.1_21;3;68.2279748546365;149.964433693178;42.9648617478269;4;112;0.31614804936558;709.5;800.5;756.5;928.5
5.1_21;3;68.2279748546365;149.964433693178;42.9648617478269;5;115;0.837233778821259;709.5;800.5;756.5;928.5
5.1_21;4;68.2279748546365;149.964433693178;42.9648617478269;2;100;0.527254819546064;852.5;502.5;771.5;643.5
5.1_21;4;68.2279748546365;149.964433693178;42.9648617478269;4;112;4.23235230807042;852.5;502.5;771.5;643.5
5.1_21;5;68.2279748546365;149.964433693178;42.9648617478269;4;112;1.72970013217019;815.5;315.5;854.5;354.5
5.1_21;6;68.2279748546365;149.964433693178;42.9648617478269;4;112;2.38824330973404;822.5;385.5;865.5;429.5
5.1_21;7;68.2279748546365;149.964433693178;42.9648617478269;4;112;1.72970013217019;871.5;435.5;874.5;438.5
5.1_21;8;68.2279748546365;149.964433693178;42.9648617478269;4;112;1.57160082636734;846.5;355.5;823.5;379.5
5.1_21;8;68.2279748546365;149.964433693178;42.9648617478269;5;115;1.74164862219212;846.5;355.5;823.5;379.5
5.1_21;9;68.2279748546365;149.964433693178;42.9648617478269;2;100;2.78368669506499;868.145211930926;435.587912087912;841.319466248038;489.239403453689
5.1_21;9;68.2279748546365;149.964433693178;42.9648617478269;5;115;4.33719416391401;868.145211930926;435.587912087912;841.319466248038;489.239403453689
5.1_21;10;68.2279748546365;149.964433693178;42.9648617478269;4;112;4.02031017480908;839.642857142857;490.916012558869;859.762166405024;512.711930926216
5.1_21;11;68.2279748546365;149.964433693178;42.9648617478269;1;111;4.08577958511955;730.663265306123;646.840659340659;787.667974882261;650.19387755102
5.1_21;11;68.2279748546365;149.964433693178;42.9648617478269;4;112;4.20173306578798;730.663265306123;646.840659340659;787.667974882261;650.19387755102
5.1_21;11;68.2279748546365;149.964433693178;42.9648617478269;5;115;1.50627165645051;730.663265306123;646.840659340659;787.667974882261;650.19387755102
5.1_21;12;68.2279748546365;149.964433693178;42.9648617478269;4;112;3.10058096366942;334.983516483516;511.035321821036;334.983516483516;613.308477237048
5.2_22;1;68.2279748546365;149.964433693178;42.9648617478269;4;112;4.06540309977345;215.5;487.5;201.5;649.5
5.2_22;1;68.2279748546365;149.964433693178;42.9648617478269;5;115;3.174984733085;215.5;487.5;201.5;649.5
5.2_22;2;68.2279748546365;149.964433693178;42.9648617478269;3;110;0.739103673370862;273.5;601.5;250.5;702.5
5.2_22;2;68.2279748546365;149.964433693178;42.9648617478269;4;112;3.82416422955591;273.5;601.5;250.5;702.5
5.2_22;2;68.2279748546365;149.964433693178;42.9648617478269;5;115;1.49069920946482;273.5;601.5;250.5;702.5
5.2_22;3;68.2279748546365;149.964433693178;42.9648617478269;1;111;4.73349461710066;260.5;724.5;317.5;728.5
5.2_22;3;68.2279748546365;149.964433693178;42.9648617478269;4;112;3.55401803380678;260.5;724.5;317.5;728.5
5.2_22;3;68.2279748546365;149.964433693178;42.9648617478269;5;115;0.858556624469386;260.5;724.5;317.5;728.5
5.2_22;4;68.2279748546365;149.964433693178;42.9648617478269;3;110;4.94684458002242;333.5;738.5;371.5;762.5
5.2_22;4;68.2279748546365;149.964433693178;42.9648617478269;5;115;3.45429928121129;333.5;738.5;371.5;762.5
5.2_22;5;68.2279748546365;149.964433693178;42.9648617478269;3;110;0.55319541135397;392.5;757.5;472.5;819.5
5.2_22;5;68.2279748546365;149.964433693178;42.9648617478269;5;115;1.41858054486943;392.5;757.5;472.5;819.5
5.2_22;6;68.2279748546365;149.964433693178;42.9648617478269;3;110;2.93121807798042;544.5;816.5;591.5;787.5
5.2_22;7;68.2279748546365;149.964433693178;42.9648617478269;4;112;3.72441627172013;967.5;457.5;894.5;551.5
5.2_22;7;68.2279748546365;149.964433693178;42.9648617478269;5;115;2.59063288368994;967.5;457.5;894.5;551.5
5.2_22;8;68.2279748546365;149.964433693178;42.9648617478269;4;112;2.76155264608394;829.5;633.5;811.5;657.5
5.2_22;8;68.2279748546365;149.964433693178;42.9648617478269;5;115;1.62776925805374;829.5;633.5;811.5;657.5
5.2_22;9;68.2279748546365;149.964433693178;42.9648617478269;2;100;4.34132965383642;807.5;662.5;805.5;665.5
5.2_22;9;68.2279748546365;149.964433693178;42.9648617478269;4;112;0.41827747377887;807.5;662.5;805.5;665.5
5.2_22;9;68.2279748546365;149.964433693178;42.9648617478269;5;115;1.55206086181023;807.5;662.5;805.5;665.5
5.2_22;10;68.2279748546365;149.964433693178;42.9648617478269;3;110;0.652494756498021;810.5;410.5;882.5;466.5
5.2_22;10;68.2279748546365;149.964433693178;42.9648617478269;5;115;1.31928119972615;810.5;410.5;882.5;466.5
5.2_22;11;68.2279748546365;149.964433693178;42.9648617478269;1;111;4.42568359925003;816.5;543.5;849.5;511.5
5.2_22;11;68.2279748546365;149.964433693178;42.9648617478269;4;112;3.67188005808087;816.5;543.5;849.5;511.5
5.2_22;11;68.2279748546365;149.964433693178;42.9648617478269;5;115;0.358630609520894;816.5;543.5;849.5;511.5
5.2_22;12;68.2279748546365;149.964433693178;42.9648617478269;4;112;0.456670112113481;849.5;315.5;872.5;337.5
5.2_22;12;68.2279748546365;149.964433693178;42.9648617478269;5;115;4.53270512911866;849.5;315.5;872.5;337.5
5.2_22;13;68.2279748546365;149.964433693178;42.9648617478269;3;110;4.79949045345023;872.5;370.5;963.5;452.5
5.2_22;13;68.2279748546365;149.964433693178;42.9648617478269;4;112;1.24832051977934;872.5;370.5;963.5;452.5
5.2_22;13;68.2279748546365;149.964433693178;42.9648617478269;5;115;2.82771449722572;872.5;370.5;963.5;452.5
5.2_22;14;68.2279748546365;149.964433693178;42.9648617478269;4;112;4.66032912908736;782.638147566719;329.961538461538;832.936420722135;386.966248037676
5.2_22;15;68.2279748546365;149.964433693178;42.9648617478269;2;100;0.907699291385959;814.493720565149;413.791993720565;837.966248037677;373.553375196232
5.2_22;15;68.2279748546365;149.964433693178;42.9648617478269;4;112;3.85190783623035;814.493720565149;413.791993720565;837.966248037677;373.553375196232
5.2_22;15;68.2279748546365;149.964433693178;42.9648617478269;5;115;4.98569122426072;814.493720565149;413.791993720565;837.966248037677;373.553375196232
5.2_22;16;68.2279748546365;149.964433693178;42.9648617478269;3;110;1.04367981216907;824.553375196232;475.826530612245;893.294348508634;464.090266875981
5.2_22;17;68.2279748546365;149.964433693178;42.9648617478269;1;111;3.10526295207854;874.851648351648;551.273940345369;915.090266875981;552.950549450549
5.2_22;17;68.2279748546365;149.964433693178;42.9648617478269;5;115;2.48678828949145;874.851648351648;551.273940345369;915.090266875981;552.950549450549
5.2_22;18;68.2279748546365;149.964433693178;42.9648617478269;2;100;3.09849550245432;873.175039246468;539.537676609105;812.817111459969;661.930141287284
5.2_22;18;68.2279748546365;149.964433693178;42.9648617478269;5;115;4.02238535652477;873.175039246468;539.537676609105;812.817111459969;661.930141287284
5.2_22;19;68.2279748546365;149.964433693178;42.9648617478269;1;111;0.719318921689705;757.489010989011;660.253532182103;827.906593406594;660.253532182103
5.2_22;19;68.2279748546365;149.964433693178;42.9648617478269;5;115;4.87273231988023;757.489010989011;660.253532182103;827.906593406594;660.253532182103
5.2_22;20;68.2279748546365;149.964433693178;42.9648617478269;2;100;2.36289266949802;511.027472527473;801.088697017268;549.589481946625;817.854788069074
5.2_22;21;68.2279748546365;149.964433693178;42.9648617478269;3;110;0.126313339614968;464.082417582418;821.208006279435;514.380690737834;802.765306122449
5.2_22;21;68.2279748546365;149.964433693178;42.9648617478269;4;112;2.86452626914981;464.082417582418;821.208006279435;514.380690737834;802.765306122449
5.2_22;22;68.2279748546365;149.964433693178;42.9648617478269;2;100;2.29301980229102;200.854788069074;641.810832025118;251.15306122449;663.606750392464
5.2_22;23;68.2279748546365;149.964433693178;42.9648617478269;4;112;3.47857764751511;246.123233908948;688.755886970172;256.182888540031;734.024332810047
5.3_23;1;68.2279748546365;149.964433693178;42.9648617478269;1;111;4.61545539233385;406.5;581.5;432.5;692.5
5.3_23;1;68.2279748546365;149.964433693178;42.9648617478269;4;112;4.13273509690436;406.5;581.5;432.5;692.5
5.3_23;2;68.2279748546365;149.964433693178;42.9648617478269;1;111;4.94973224586421;529.5;779.5;591.5;736.5
5.3_23;3;68.2279748546365;149.964433693178;42.9648617478269;4;112;1.74174644576809;474.5;815.5;535.5;825.5
5.3_23;3;68.2279748546365;149.964433693178;42.9648617478269;5;115;4.43720785510586;474.5;815.5;535.5;825.5
5.3_23;4;68.2279748546365;149.964433693178;42.9648617478269;3;110;2.97088285496889;544.5;827.5;633.5;772.5
5.3_23;5;68.2279748546365;149.964433693178;42.9648617478269;5;115;2.87582126018534;715.5;820.5;750.5;889.5
5.3_23;6;68.2279748546365;149.964433693178;42.9648617478269;4;112;4.05174737896617;760.5;414.5;817.5;480.5
5.3_23;7;68.2279748546365;149.964433693178;42.9648617478269;3;110;3.1522013127214;778.5;649.5;867.5;627.5
5.3_23;7;68.2279748546365;149.964433693178;42.9648617478269;4;112;3.07282700600979;778.5;649.5;867.5;627.5
5.3_23;8;68.2279748546365;149.964433693178;42.9648617478269;1;111;4.59976822728784;795.5;525.5;836.5;485.5
5.3_23;8;68.2279748546365;149.964433693178;42.9648617478269;4;112;3.49779543004296;795.5;525.5;836.5;485.5
5.3_23;8;68.2279748546365;149.964433693178;42.9648617478269;5;115;0.184545981482536;795.5;525.5;836.5;485.5
5.3_23;9;68.2279748546365;149.964433693178;42.9648617478269;3;110;2.31065867799003;801.5;320.5;897.5;387.5
5.3_23;9;68.2279748546365;149.964433693178;42.9648617478269;5;115;1.16905268245882;801.5;320.5;897.5;387.5
5.3_23;10;68.2279748546365;149.964433693178;42.9648617478269;4;112;4.59210535828212;844.5;315.5;939.5;420.5
5.3_23;11;68.2279748546365;149.964433693178;42.9648617478269;1;111;4.52226299284032;861.5;443.5;898.5;407.5
5.3_23;11;68.2279748546365;149.964433693178;42.9648617478269;4;112;3.57530066449066;861.5;443.5;898.5;407.5
5.3_23;11;68.2279748546365;149.964433693178;42.9648617478269;5;115;0.262051215930291;861.5;443.5;898.5;407.5
5.3_23;12;68.2279748546365;149.964433693178;42.9648617478269;5;115;1.9330581101602;948.622448979592;449.000784929356;868.145211930926;628.397959183673
5.3_23;13;68.2279748546365;149.964433693178;42.9648617478269;5;115;4.53786590021378;464.082417582418;700.492150706436;460.729199372057;754.143642072213
5.3_23;14;68.2279748546365;149.964433693178;42.9648617478269;4;112;1.19142853067296;475.818681318681;759.173469387755;477.495290423862;809.471742543171
5.3_23;15;68.2279748546365;149.964433693178;42.9648617478269;4;112;1.55918777172296;457.375981161696;695.462323390895;425.520408163265;692.109105180533
5.3_23;15;68.2279748546365;149.964433693178;42.9648617478269;5;115;1.13627363761392;457.375981161696;695.462323390895;425.520408163265;692.109105180533
5.3_23;16;68.2279748546365;149.964433693178;42.9648617478269;5;115;4.79037803766519;509.350863422292;734.024332810047;527.793563579278;767.556514913658
5.3_23;17;68.2279748546365;149.964433693178;42.9648617478269;4;112;2.12786169821261;459.052590266876;755.820251177394;494.261381475667;759.173469387755
5.3_23;17;68.2279748546365;149.964433693178;42.9648617478269;5;115;0.567599711126137;459.052590266876;755.820251177394;494.261381475667;759.173469387755
5.4_24;1;68.2279748546365;149.964433693178;42.9648617478269;3;110;3.24200077755955;228.5;485.5;195.5;697.5
5.4_24;1;68.2279748546365;149.964433693178;42.9648617478269;4;112;0.156940221374746;228.5;485.5;195.5;697.5
5.4_24;1;68.2279748546365;149.964433693178;42.9648617478269;5;115;0.73347814531217;228.5;485.5;195.5;697.5
5.4_24;2;68.2279748546365;149.964433693178;42.9648617478269;4;112;3.10058096366942;264.5;512.5;264.5;720.5
5.4_24;3;68.2279748546365;149.964433693178;42.9648617478269;4;112;1.04600808274342;295.5;526.5;303.5;749.5
5.4_24;4;68.2279748546365;149.964433693178;42.9648617478269;4;112;0.130428936701035;352.5;593.5;359.5;717.5
5.4_24;5;68.2279748546365;149.964433693178;42.9648617478269;4;112;2.62779451806891;364.5;714.5;503.5;739.5
5.4_24;5;68.2279748546365;149.964433693178;42.9648617478269;5;115;4.66550855749763;364.5;714.5;503.5;739.5
5.4_24;6;68.2279748546365;149.964433693178;42.9648617478269;1;111;3.43196634473219;486.5;787.5;610.5;778.5
5.4_24;7;68.2279748546365;149.964433693178;42.9648617478269;3;110;3.73119881504112;525.5;819.5;582.5;812.5
5.4_24;8;68.2279748546365;149.964433693178;42.9648617478269;3;110;3.902856354754;745.5;718.5;932.5;664.5
5.4_24;8;68.2279748546365;149.964433693178;42.9648617478269;4;112;0.850360957387129;745.5;718.5;932.5;664.5
5.4_24;9;68.2279748546365;149.964433693178;42.9648617478269;4;112;3.76663865133817;899.5;509.5;780.5;662.5
5.4_24;9;68.2279748546365;149.964433693178;42.9648617478269;5;115;2.63285526330801;899.5;509.5;780.5;662.5
5.4_24;10;68.2279748546365;149.964433693178;42.9648617478269;3;110;2.58308219766507;821.5;339.5;911.5;414.5
5.4_24;10;68.2279748546365;149.964433693178;42.9648617478269;4;112;3.4647287755643;821.5;339.5;911.5;414.5
5.4_24;10;68.2279748546365;149.964433693178;42.9648617478269;5;115;0.611306241439767;821.5;339.5;911.5;414.5
5.4_24;11;68.2279748546365;149.964433693178;42.9648617478269;4;112;1.72970013217019;881.5;476.5;912.5;507.5
5.4_24;12;68.2279748546365;149.964433693178;42.9648617478269;2;100;4.86696426029406;918.5;416.5;884.5;466.5
5.4_24;12;68.2279748546365;149.964433693178;42.9648617478269;4;112;0.10735713267724;918.5;416.5;884.5;466.5
5.4_24;12;68.2279748546365;149.964433693178;42.9648617478269;5;115;1.02642625535271;918.5;416.5;884.5;466.5
5.4_24;13;68.2279748546365;149.964433693178;42.9648617478269;4;112;3.4353471225317;296.421507064364;752.467032967033;477.495290423862;787.675824175824
5.4_24;13;68.2279748546365;149.964433693178;42.9648617478269;5;115;3.85795595303487;296.421507064364;752.467032967033;477.495290423862;787.675824175824
5.5_25;1;68.2279748546365;149.964433693178;42.9648617478269;4;112;2.93216223469208;248.5;594.5;238.5;688.5
5.5_25;1;68.2279748546365;149.964433693178;42.9648617478269;5;115;2.04174386800366;248.5;594.5;238.5;688.5
5.5_25;2;68.2279748546365;149.964433693178;42.9648617478269;2;100;2.16526519796785;239.5;708.5;303.5;730.5
5.5_25;2;68.2279748546365;149.964433693178;42.9648617478269;4;112;4.27518983776992;239.5;708.5;303.5;730.5
5.5_25;2;68.2279748546365;149.964433693178;42.9648617478269;5;115;4.10891100370227;239.5;708.5;303.5;730.5
5.5_25;3;68.2279748546365;149.964433693178;42.9648617478269;4;112;3.0474875271914;253.5;453.5;241.5;568.5
5.5_25;3;68.2279748546365;149.964433693178;42.9648617478269;5;115;2.15706916050294;253.5;453.5;241.5;568.5
5.5_25;4;68.2279748546365;149.964433693178;42.9648617478269;2;100;4.12312619721034;308.5;722.5;442.5;763.5
5.5_25;4;68.2279748546365;149.964433693178;42.9648617478269;4;112;2.31732883852749;308.5;722.5;442.5;763.5
5.5_25;4;68.2279748546365;149.964433693178;42.9648617478269;5;115;2.1510500044597;308.5;722.5;442.5;763.5
5.5_25;5;68.2279748546365;149.964433693178;42.9648617478269;1;111;2.17379858369127;489.5;774.5;545.5;731.5
5.5_25;6;68.2279748546365;149.964433693178;42.9648617478269;1;111;1.83041157330685;728.5;826.5;788.5;975.5
5.5_25;6;68.2279748546365;149.964433693178;42.9648617478269;2;100;0.161859895697128;728.5;826.5;788.5;975.5
5.5_25;6;68.2279748546365;149.964433693178;42.9648617478269;3;110;2.51234776578746;728.5;826.5;788.5;975.5
5.5_25;6;68.2279748546365;149.964433693178;42.9648617478269;4;112;1.45513300091103;728.5;826.5;788.5;975.5
5.5_25;6;68.2279748546365;149.964433693178;42.9648617478269;5;115;0.934047271454771;728.5;826.5;788.5;975.5
5.5_25;7;68.2279748546365;149.964433693178;42.9648617478269;1;111;4.47510998604524;772.5;750.5;860.5;742.5
5.5_25;8;68.2279748546365;149.964433693178;42.9648617478269;2;100;0.581088533298625;860.5;560.5;804.5;662.5
5.5_25;9;68.2279748546365;149.964433693178;42.9648617478269;3;110;4.05465958219914;866.5;697.5;855.5;735.5
5.5_25;9;68.2279748546365;149.964433693178;42.9648617478269;5;115;1.82485669936335;866.5;697.5;855.5;735.5
5.5_25;10;68.2279748546365;149.964433693178;42.9648617478269;2;100;2.57734326960624;963.5;422.5;882.5;552.5
5.5_25;10;68.2279748546365;149.964433693178;42.9648617478269;4;112;2.18226385801007;963.5;422.5;882.5;552.5
5.5_25;10;68.2279748546365;149.964433693178;42.9648617478269;5;115;3.31604724604056;963.5;422.5;882.5;552.5
5.5_25;11;68.2279748546365;149.964433693178;42.9648617478269;2;100;2.78368669506525;898.5;71.5;877.5;113.5
5.5_25;11;68.2279748546365;149.964433693178;42.9648617478269;5;115;4.33719416391376;898.5;71.5;877.5;113.5
5.5_25;12;68.2279748546365;149.964433693178;42.9648617478269;2;100;3.60868698497164;937.5;609.5;878.5;700.5
5.5_25;12;68.2279748546365;149.964433693178;42.9648617478269;4;112;1.15092014264477;937.5;609.5;878.5;700.5
5.5_25;12;68.2279748546365;149.964433693178;42.9648617478269;5;115;2.28470353067522;937.5;609.5;878.5;700.5
5.5_25;13;68.2279748546365;149.964433693178;42.9648617478269;2;100;3.86898067894179;817.84693877551;407.085557299843;858.085557299843;490.916012558869
5.5_25;13;68.2279748546365;149.964433693178;42.9648617478269;5;115;1.62059011899741;817.84693877551;407.085557299843;858.085557299843;490.916012558869
5.5_25;14;68.2279748546365;149.964433693178;42.9648617478269;3;110;2.1791994830507;831.259811616955;512.711930926216;878.204866562009;489.239403453689
5.5_25;14;68.2279748546365;149.964433693178;42.9648617478269;4;112;3.56422147968034;831.259811616955;512.711930926216;878.204866562009;489.239403453689
5.5_25;15;68.2279748546365;149.964433693178;42.9648617478269;1;111;3.28174758945778;834.613029827316;504.328885400314;861.438775510204;566.363422291993
5.5_25;15;68.2279748546365;149.964433693178;42.9648617478269;2;100;1.61319591184984;834.613029827316;504.328885400314;861.438775510204;566.363422291993
5.5_25;15;68.2279748546365;149.964433693178;42.9648617478269;3;110;3.96368378193831;834.613029827316;504.328885400314;861.438775510204;566.363422291993
5.5_25;15;68.2279748546365;149.964433693178;42.9648617478269;4;112;2.90646901706184;834.613029827316;504.328885400314;861.438775510204;566.363422291993
5.5_25;15;68.2279748546365;149.964433693178;42.9648617478269;5;115;0.635194648093449;834.613029827316;504.328885400314;861.438775510204;566.363422291993
5.5_25;16;68.2279748546365;149.964433693178;42.9648617478269;4;112;0.234481128930656;913.413657770801;524.44819466248;946.945839874411;569.716640502354
5.5_25;17;68.2279748546365;149.964433693178;42.9648617478269;3;110;1.43731935948972;859.762166405024;346.727629513343;960.358712715856;427.204866562009
5.5_25;17;68.2279748546365;149.964433693178;42.9648617478269;4;112;4.61049161373942;859.762166405024;346.727629513343;960.358712715856;427.204866562009
5.5_25;17;68.2279748546365;149.964433693178;42.9648617478269;5;115;0.534456596733322;859.762166405024;346.727629513343;960.358712715856;427.204866562009
5.5_25;1;68.2279748546365;149.964433693178;42.9648617478269;4;112;2.93216223469208;248.5;594.5;238.5;688.5
5.5_25;1;68.2279748546365;149.964433693178;42.9648617478269;5;115;2.04174386800366;248.5;594.5;238.5;688.5
5.5_25;2;68.2279748546365;149.964433693178;42.9648617478269;2;100;2.16526519796785;239.5;708.5;303.5;730.5
5.5_25;2;68.2279748546365;149.964433693178;42.9648617478269;4;112;4.27518983776992;239.5;708.5;303.5;730.5
5.5_25;2;68.2279748546365;149.964433693178;42.9648617478269;5;115;4.10891100370227;239.5;708.5;303.5;730.5
5.5_25;3;68.2279748546365;149.964433693178;42.9648617478269;4;112;3.0474875271914;253.5;453.5;241.5;568.5
5.5_25;3;68.2279748546365;149.964433693178;42.9648617478269;5;115;2.15706916050294;253.5;453.5;241.5;568.5
5.5_25;4;68.2279748546365;149.964433693178;42.9648617478269;2;100;4.12312619721034;308.5;722.5;442.5;763.5
5.5_25;4;68.2279748546365;149.964433693178;42.9648617478269;4;112;2.31732883852749;308.5;722.5;442.5;763.5
5.5_25;4;68.2279748546365;149.964433693178;42.9648617478269;5;115;2.1510500044597;308.5;722.5;442.5;763.5
5.5_25;5;68.2279748546365;149.964433693178;42.9648617478269;1;111;2.17379858369127;489.5;774.5;545.5;731.5
5.5_25;6;68.2279748546365;149.964433693178;42.9648617478269;1;111;1.83041157330685;728.5;826.5;788.5;975.5
5.5_25;6;68.2279748546365;149.964433693178;42.9648617478269;2;100;0.161859895697128;728.5;826.5;788.5;975.5
5.5_25;6;68.2279748546365;149.964433693178;42.9648617478269;3;110;2.51234776578746;728.5;826.5;788.5;975.5
5.5_25;6;68.2279748546365;149.964433693178;42.9648617478269;4;112;1.45513300091103;728.5;826.5;788.5;975.5
5.5_25;6;68.2279748546365;149.964433693178;42.9648617478269;5;115;0.934047271454771;728.5;826.5;788.5;975.5
5.5_25;7;68.2279748546365;149.964433693178;42.9648617478269;1;111;4.47510998604524;772.5;750.5;860.5;742.5
5.5_25;8;68.2279748546365;149.964433693178;42.9648617478269;2;100;0.581088533298625;860.5;560.5;804.5;662.5
5.5_25;9;68.2279748546365;149.964433693178;42.9648617478269;3;110;4.05465958219914;866.5;697.5;855.5;735.5
5.5_25;9;68.2279748546365;149.964433693178;42.9648617478269;5;115;1.82485669936335;866.5;697.5;855.5;735.5
5.5_25;10;68.2279748546365;149.964433693178;42.9648617478269;2;100;2.57734326960624;963.5;422.5;882.5;552.5
5.5_25;10;68.2279748546365;149.964433693178;42.9648617478269;4;112;2.18226385801007;963.5;422.5;882.5;552.5
5.5_25;10;68.2279748546365;149.964433693178;42.9648617478269;5;115;3.31604724604056;963.5;422.5;882.5;552.5
5.5_25;11;68.2279748546365;149.964433693178;42.9648617478269;2;100;2.78368669506525;898.5;71.5;877.5;113.5
5.5_25;11;68.2279748546365;149.964433693178;42.9648617478269;5;115;4.33719416391376;898.5;71.5;877.5;113.5
5.5_25;12;68.2279748546365;149.964433693178;42.9648617478269;2;100;3.60868698497164;937.5;609.5;878.5;700.5
5.5_25;12;68.2279748546365;149.964433693178;42.9648617478269;4;112;1.15092014264477;937.5;609.5;878.5;700.5
5.5_25;12;68.2279748546365;149.964433693178;42.9648617478269;5;115;2.28470353067522;937.5;609.5;878.5;700.5
